BELLUNO;Agordo;4124;359681;42790;259690;294433;30495;-;43435;200316;239000;14129;84726;60461;302855;1932011;75.6;692;
BELLUNO;Alano Di Piave;2827;116460;24420;89422;110583;40730;-;17535;51306;114568;5777;49580;-;139200;759581;78.0;640;
BELLUNO;Alleghe;1224;106754;12700;77077;87389;9051;-;12891;59454;70935;4194;25147;17945;89888;573425;75.6;200;
BELLUNO;Arsie';2368;122196;-;104310;108263;26930;-;20569;46607;86528;7286;74480;-;130335;727504;76.4;500;
BELLUNO;Auronzo Di Cadore;3350;525520;40266;27500;299807;960;-;31350;396436;173910;6051;85975;-;298950;1886725;75.1;875;
BELLUNO;Belluno;35870;2930740;446240;18220;2586490;154190;-;203069;2943030;663470;55940;190800;1107580;2539080;13838849;75.1;5300;
BELLUNO;Borca Di Cadore;781;106090;53980;-;64010;23850;-;7464;58650;20144;402;4270;-;184060;522920;63.3;1;
BELLUNO;Calalzo Di Cadore;2085;190430;43728;13200;168166;-;-;16078;200226;92866;5855;45912;-;134550;911011;75.5;303;
BELLUNO;Canale D'Agordo;1131;98645;11735;71222;80750;8363;-;11912;54938;65547;3874;23237;16582;83060;529865;75.6;202;
BELLUNO;Cencenighe Agordino;1311;114341;13603;82555;93599;9694;-;13809;63680;75977;4492;26934;19220;96277;614181;75.6;305;
BELLUNO;Cesiomaggiore;4029;201390;60490;155058;201218;32370;-;27192;80154;187289;13789;62910;34240;151910;1208010;83.1;1212;
BELLUNO;Chies D'Alpago;1377;101204;-;-;79542;37571;-;7494;65788;55419;2460;28004;-;98702;476184;73.6;352;
BELLUNO;Cibiana Di Cadore;393;32640;22520;-;30330;8060;-;4293;27600;16500;210;8630;-;82770;233553;61.0;43;
BELLUNO;Colle Santa Lucia;360;31392;3735;22665;25697;2662;-;3791;17483;20859;1234;7395;5277;26433;168623;75.6;183;
BELLUNO;Comelico Superiore;2238;123076;22346;-;116303;70673;-;10650;111787;87570;2057;30596;8180;306091;889329;60.4;-;
BELLUNO;Cortina D'Ampezzo;5907;1102040;229410;-;803070;209670;-;46868;793600;124560;3633;66010;523200;2242810;6144871;53.2;174;
BELLUNO;Danta Di Cadore;463;23939;23483;-;27297;25381;-;2301;44262;25263;611;1500;-;62088;236125;70.4;64;
BELLUNO;Domegge Di Cadore;2441;187410;52519;15540;136864;-;-;27692;206537;112050;5824;49920;15540;122200;932096;75.2;413;
BELLUNO;Falcade;1951;170163;20244;122858;139294;14427;-;20548;94768;113070;6686;40083;28604;143279;914024;75.6;327;
BELLUNO;Farra D'Alpago;2639;172877;-;-;135875;64179;-;12802;112379;94667;4200;47836;-;168604;813419;73.6;537;
BELLUNO;Feltre;20649;1904130;-;893840;1391780;165850;-;131156;781240;905159;42538;166180;396420;952350;7730643;81.9;5179;
BELLUNO;Fonzaso;3228;152220;29260;129595;164397;40390;-;22254;57643;189128;11446;34870;43590;159770;1034563;80.7;855;
BELLUNO;Forno Di Zoldo;2330;233370;15245;18430;140009;-;;11998;191465;108505;7633;47000;20820;116940;911415;75.3;253;
BELLUNO;Gosaldo;644;56159;6681;40547;45971;4761;-;6782;31276;37316;2206;13229;9440;47287;301655;75.6;302;
BELLUNO;La Valle Agordina;1108;96639;11497;69773;79108;8193;-;11670;53821;64215;3796;22764;16244;81371;519091;75.6;347;
BELLUNO;Lamon;2887;65070;20940;138760;140100;86690;-;19145;-;154558;8856;56020;-;154150;844289;78.2;842;
BELLUNO;Lentiai;3017;246350;-;;197100;17470;-;21651;184930;138318;4726;77080;-;148640;1036265;76.0;777;
BELLUNO;Limana;5209;264860;-;;276760;22130;-;48689;213090;281003;13985;116930;52430;747810;2037687;55.4;1172;
BELLUNO;Livinallongo Del Col Di Lana;1314;114594;13633;82737;93806;9716;-;13838;63820;76145;4502;26994;19263;96490;615538;75.6;216;
BELLUNO;Longarone;5359;569700;74499;40360;352224;53802;-;32935;385306;258155;10901;110857;57920;492400;2439059;69.5;717;
BELLUNO;Lorenzago Di Cadore;549;58760;2362;2030;39224;230;-;4271;43155;28986;1327;12018;-;33860;226223;75.7;77;
BELLUNO;Lozzo Di Cadore;1383;122700;14447;7890;88754;-;;9248;113768;70732;2583;28581;-;64330;523033;77.6;169;
BELLUNO;Mel;5984;238510;-;;264630;34250;-;35212;243030;157191;15647;110110;70260;783420;1952260;51.2;1595;
BELLUNO;Ospitale Di Cadore;292;18150;398;1130;14109;58;-;2741;20388;12981;545;5220;-;13710;89430;74.0;111;
BELLUNO;Pedavena;4453;380845;42180;183607;231893;84080;-;42584;67333;224078;15701;71300;47840;265230;1656671;80.3;1037;
BELLUNO;Perarolo Di Cadore;380;41030;7858;1190;31556;-;;2601;40691;9792;1061;6629;-;27700;170108;74.7;32;
BELLUNO;Pieve D'Alpago;1872;185168;-;;145536;68742;-;13712;120369;101397;4499;51237;-;180591;871251;73.6;422;
BELLUNO;Pieve Di Cadore;3794;428040;77755;38380;276987;-;;26161;356145;109449;9702;85363;265150;319630;1992762;67.0;452;
BELLUNO;Ponte Nelle Alpi;8363;551430;156090;122400;433100;115320;-;78577;352500;345332;26337;39310;93240;343100;2656736;84.1;1734;
BELLUNO;Puos D'Alpago;2483;163220;-;;128284;60593;-;12087;106101;89378;3966;45164;-;159185;767978;73.6;536;
BELLUNO;Quero Vas;3338;231340;19450;132967;178499;61600;-;20537;62292;158091;6282;85050;30910;117210;1104228;83.9;747;
BELLUNO;Rivamonte Agordino;634;55299;6579;39926;45268;4688;-;6678;30798;36745;2172;13026;9296;46563;297038;75.6;226;
BELLUNO;Rocca Pietore;1256;109536;13031;79085;89666;9287;-;13227;61004;72785;4303;25802;18412;92231;588369;75.6;215;
BELLUNO;San Gregorio Nelle Alpi;1613;97460;-;58468;62259;10130;-;8945;29475;51958;5384;30780;-;38270;393129;85.8;460;
BELLUNO;San Nicolo' Di Comelico;406;17415;2579;-;32155;22839;-;1871;35261;22214;496;1441;-;52273;188544;68.9;23;
BELLUNO;San Pietro Di Cadore;1624;53610;29445;-;84865;70982;-;7640;85531;101114;2033;6437;-;205313;646970;65.6;138;
BELLUNO;San Tomaso Agordino;644;56159;6681;40547;45971;4761;-;6782;31276;37316;2206;13229;9440;47287;301655;75.6;197;
BELLUNO;San Vito Di Cadore;1857;226300;85590;-;176840;49550;-;15295;162690;50698;1377;10830;2560;442020;1223750;62.0;137;
BELLUNO;Santa Giustina;6807;447405;13040;267538;351234;47090;-;43696;130225;185531;13819;106350;40120;236280;1882328;83.3;1388;
BELLUNO;Santo Stefano Di Cadore;2609;126313;60447;-;118097;98349;-;12344;121361;166619;3269;10395;42180;389800;1149174;60.2;247;
BELLUNO;Sappada;1317;158897;-;;132483;85896;-;6230;93778;71381;1938;17331;-;269735;837669;64.7;105;
BELLUNO;Sedico;9997;572280;135820;-;487900;21010;-;60282;385190;254402;16449;188360;106890;1865300;4093883;47.7;1951;
BELLUNO;Selva Di Cadore;520;45352;5395;32744;37125;3845;-;5477;25258;30135;1781;10683;7623;38187;243605;75.6;122;
BELLUNO;Seren Del Grappa;2448;116634;-;101182;107597;42380;-;17717;28887;90623;10395;49380;12240;114200;691235;78.7;515;
BELLUNO;Sospirolo;3140;188730;-;;161660;8240;-;20928;140640;100808;7067;111780;-;85590;825443;75.6;698;
BELLUNO;Soverzene;389;21290;4752;810;13287;100;-;4842;26566;16765;1022;6233;-;14210;109877;76.3;109;
BELLUNO;Sovramonte;1444;34630;-;60998;67500;10720;-;13726;35340;72313;6386;25360;-;83040;410013;75.7;519;
BELLUNO;Taibon Agordino;1759;153405;18250;110758;125576;13006;-;18524;85435;101934;6026;36136;25787;129169;824006;75.6;458;
BELLUNO;Tambre;1374;175671;-;;138071;65216;-;13008;114194;96196;4269;48609;-;171328;826562;73.6;387;
BELLUNO;Trichiana;4868;165990;-;;273750;26570;-;27631;234110;152083;9330;132480;48120;375040;1445104;59.9;1659;
BELLUNO;Vallada Agordina;489;42655;5074;30797;34916;3616;-;5151;23755;28343;1677;10048;7170;35916;229118;75.6;204;
BELLUNO;Valle Di Cadore;1964;139970;-;;94020;33920;-;15653;95690;47553;936;14160;114960;216120;772982;54.9;370;
BELLUNO;Vigo Di Cadore;1440;130180;35106;5990;96771;200;-;11774;138641;108352;3563;38393;48800;64080;681850;77.4;315;
BELLUNO;Vodo Cadore;853;79590;39500;-;54930;20050;-;8255;54990;23854;377;4780;30980;164620;481926;57.8;109;
BELLUNO;Voltago Agordino;862;75177;8943;54278;61539;6374;-;9078;41868;49953;2953;17708;12637;63300;403808;75.6;314;
BELLUNO;Zoldo Alto;912;106890;2560;8170;63219;-;;5056;120399;34800;2045;17727;-;86930;447796;71.0;322;
BELLUNO;Zoppe' Di Cadore;229;15240;85;-;7043;-;;1520;10747;3283;384;2132;-;8660;49094;73.3;44;
BRENTA;Asiago;6426;362160;197700;374820;472970;285340;-;37430;-;20645;5027;63020;504000;2069480;4392592;46.7;663;
BRENTA;Bassano Del Grappa;43372;4303070;3463359;1808757;3038988;1427429;-;231573;-;851920;85063;613819;725560;4952320;21501858;73.5;1150;
BRENTA;Borgoricco;8755;513380;387921;342012;463416;7654;-;34456;348160;64407;7754;46783;6300;781670;3003913;70.8;1209;
BRENTA;Cadoneghe;16206;1521540;926739;455025;777098;45388;-;65026;502720;223617;13987;103269;148600;1559410;6342419;71.3;445;
BRENTA;Campo San Martino;5752;325700;167075;172822;470539;2202;-;24183;191100;57441;5283;44560;47840;622230;2130975;66.3;914;
BRENTA;Campodarsego;14668;975430;839122;516058;818234;105310;-;52869;437180;113941;16543;54574;101440;1379200;5409901;71.5;1045;
BRENTA;Campodoro;2685;144780;280230;88920;88330;-;;6580;81180;31894;1582;19280;16760;160740;920276;78.9;236;
BRENTA;Campolongo Sul Brenta;819;67384;11140;43470;44830;30193;-;;-;4300;763;38130;-;73039;313249;68.2;10;
BRENTA;Camposampiero;12133;886380;527679;416657;790362;26549;-;48608;385760;198185;15972;73215;135250;1755240;5259857;63.1;1625;
BRENTA;Carmignano Di Brenta;7621;523360;320080;239840;356560;3010;-;45288;197560;143050;13078;219020;38320;720650;2819816;65.4;923;
BRENTA;Cartigliano;3800;228420;88081;95163;123662;92221;-;18057;-;63051;6687;37763;28880;240240;1022225;72.6;382;
BRENTA;Cassola;14619;924290;1200870;496060;608790;328170;-;83793;-;268830;33580;396990;213400;1179230;5734003;72.9;1087;
BRENTA;Cervarese Santa Croce;5742;426130;437040;142990;237100;6260;-;2100;152680;12420;989;92730;49380;588730;2148549;64.3;302;
BRENTA;Cismon Del Grappa;940;79447;8200;60365;62077;47323;-;6986;1538;30390;2209;30926;-;85998;415459;74.0;-;
BRENTA;Cittadella;20155;1452760;1666030;771560;1336210;14130;-;69266;553510;446130;21295;230180;284730;3002620;9848421;65.1;1437;
BRENTA;Conco;2158;114600;8901;87440;122369;79530;-;10699;-;41023;3530;16773;-;396060;880925;53.7;440;
BRENTA;Curtarolo;7325;363880;451965;241898;392451;3088;-;36835;255160;82795;6145;66432;36850;664730;2602229;69.9;891;
BRENTA;Enego;1753;69100;33900;80790;94750;76650;-;5971;-;110;994;10820;120;427430;800635;45.7;345;
BRENTA;Fontaniva;8170;482320;331100;276870;322370;219150;-;36922;-;116110;13656;74790;30140;952390;2855818;63.6;1172;
BRENTA;Foza;715;19200;-;31160;24930;22360;-;4207;-;;364;4930;-;144240;251391;41.3;-;
BRENTA;Galliera Veneta;7149;612230;563640;257250;460780;26720;-;30508;222360;196410;8519;209360;64010;542560;3194347;74.5;616;
BRENTA;Gallio;2392;76360;-;95020;76700;64140;-;10730;-;;1009;25270;75850;1241910;1666989;19.9;-;
BRENTA;Galzignano Terme;4371;307600;258920;121640;197810;-;;14000;145860;-;3736;58910;33290;316130;1457896;73.0;336;
BRENTA;Gazzo;4307;256920;213010;113290;187680;2010;-;24240;109660;104140;5752;41350;23280;405330;1486662;68.4;466;
BRENTA;Grantorto;4666;233160;171820;130480;184320;-;;17611;129800;89360;3622;70660;13510;426900;1471243;64.4;574;
BRENTA;Limena;7952;670980;565500;256800;539580;159280;-;30378;144120;104099;9786;60300;106060;722900;3369783;74.7;754;
BRENTA;Loreggia;7568;495600;373840;207720;350340;7160;-;31247;265160;81573;7541;64720;30940;457400;2373241;75.9;1022;
BRENTA;Lusiana;2660;114100;10879;108850;117066;88330;-;15939;-;50137;3775;26367;-;228600;764043;67.7;671;
BRENTA;Marostica;13989;788740;592970;486490;614870;38630;2900;65436;336640;241190;16664;95500;117580;1233540;4631150;70.0;2383;
BRENTA;Mason Vicentino;3503;164410;182527;91110;131720;-;;21348;150031;37704;3918;94573;17657;174170;1069168;73.6;735;
BRENTA;Massanzago;6045;323540;215980;132691;254632;2067;-;23173;199540;38217;5572;30857;20480;482870;1729619;68.3;775;
BRENTA;Mestrino;11459;841180;683604;327280;593973;8546;-;43785;334820;163076;5421;86064;74930;1060560;4223239;70.9;482;
BRENTA;Molvena;2576;114730;143762;72373;88056;-;;17294;106895;30271;3552;76914;13938;153350;821135;71.9;596;
BRENTA;Montegrotto Terme;11346;1813010;558410;849067;656597;6810;-;24548;448940;120564;14164;131699;197190;1942950;6763949;66.6;579;
BRENTA;Mussolente;7654;495580;210400;251620;288880;245960;-;39932;-;101350;15382;108860;47760;440490;2246214;76.0;1068;
BRENTA;Nove;5038;181080;454995;149540;212160;94805;25000;30531;-;189990;12797;62900;74200;283560;1771558;79.6;1374;
BRENTA;Noventa Padovana;11265;990500;1162210;402910;616390;-;;6273;293180;39340;5532;11980;58050;1231180;4817545;72.7;61;
BRENTA;Pianezze;2155;51170;125444;63358;77376;-;;14881;89580;26491;2868;65663;12854;110420;640105;72.2;-;
BRENTA;Piazzola Sul Brenta;11251;756750;788360;326360;531550;-;;27292;365340;59367;6257;28462;77310;1076070;4043118;70.1;1616;
BRENTA;Piombino Dese;9534;520860;501900;264410;453720;1740;-;37524;319400;224290;16675;161710;36180;701180;3239589;71.4;1699;
BRENTA;Pove Del Grappa;3092;253925;130500;31644;149968;98579;-;15499;-;44966;5634;37742;31240;283967;1083664;70.1;-;
BRENTA;Pozzoleone;2775;45900;93080;97020;123840;42710;-;15100;-;66183;5005;46000;1180;281160;817178;61.6;715;
BRENTA;Roana;4316;415620;389260;204290;261760;239660;-;22458;-;;2329;39820;427460;809270;2811927;63.4;-;
BRENTA;Romano D'Ezzelino;14470;1168858;721900;436316;621592;298744;-;87663;-;312370;25604;271629;125400;1429797;5499873;69.5;473;
BRENTA;Rosa';14417;845440;1687240;507820;721850;405510;-;67980;-;240590;25959;186770;116620;1385950;6191729;74.7;1948;
BRENTA;Rossano Veneto;8091;552420;345320;249680;368530;217790;-;26264;-;79860;9904;96190;66080;520980;2533018;75.6;686;
BRENTA;Rotzo;654;31800;50180;30670;31340;32310;-;3910;-;;372;5410;-;86190;272182;66.9;-;
BRENTA;Rovolon;4967;393950;223960;160450;271980;-;;9557;173720;17700;3134;30660;6600;430140;1721851;72.2;-;
BRENTA;Rubano;16225;1342280;403525;528070;851424;136524;-;46646;487060;202937;11941;100375;178870;2034320;6323972;63.8;1333;
BRENTA;Saccolongo;4940;366910;417610;157700;202872;729;-;19427;125360;39726;3206;37831;22760;472400;1866531;70.1;-;
BRENTA;San Giorgio Delle Pertiche;10214;677860;339080;293320;544650;2200;-;34616;348060;173803;11229;76352;45460;841210;3387840;70.8;1208;
BRENTA;San Giorgio In Bosco;6327;300630;283240;192360;346270;-;;15536;240670;6545;4947;9504;-;478810;1878512;72.3;1061;
BRENTA;San Martino Di Lupari;13177;948600;763440;466950;658240;12880;-;54586;457880;278628;14444;119120;100860;1334900;5210528;70.0;901;
BRENTA;San Nazario;1705;146794;21420;80567;79689;62722;-;8407;-;39522;2236;22042;-;189197;652596;68.6;-;
BRENTA;San Pietro In Gu;4523;304700;210560;134800;216990;122230;-;18520;-;62200;5098;94110;5500;358320;1533028;70.4;698;
BRENTA;Santa Giustina In Colle;7219;269040;158962;226718;352782;3837;-;26933;245750;84147;7708;63604;14640;457830;1911951;70.6;1468;
BRENTA;Saonara;10265;852080;755390;305740;562790;-;;35742;284700;106442;15578;143830;43490;950460;4056242;71.4;360;
BRENTA;Schiavon;2627;153160;293760;104880;121540;64790;-;12310;-;94269;3777;26700;-;305540;1180726;72.5;438;
BRENTA;Selvazzano Dentro;22929;1735830;1962080;702810;1110010;-;;54850;582420;68658;8425;582078;373080;2619303;9799544;63.7;179;
BRENTA;Solagna;1936;164323;63620;120843;125431;86016;-;11428;-;63350;3471;39405;20640;211836;910363;72.7;73;
BRENTA;Teolo;9065;853210;848840;296840;436400;5720;-;82363;273940;109199;12268;87370;37100;752412;3795662;76.4;476;
BRENTA;Tezze Sul Brenta;12826;810280;1196240;388800;585900;375810;-;45960;-;120530;14076;283680;100660;968940;4890876;75.2;1053;
BRENTA;Tombolo;8352;578680;458480;255030;293320;33480;2080;13639;206380;74610;7257;167510;90560;826860;3007886;64.6;477;
BRENTA;Torreglia;6162;596300;251489;176493;272463;-;;14307;189860;113741;6231;63862;37690;430140;2152576;75.0;617;
BRENTA;Trebaseleghe;12780;728220;588380;368140;568710;56660;-;56115;356870;111870;12107;81240;86870;1384880;4400062;64.6;1698;
BRENTA;Valstagna;1855;149073;19970;65190;69280;48293;-;18906;-;59261;3283;41127;7880;161594;643857;69.9;-;
BRENTA;Veggiano;4694;281870;277480;131910;239180;-;;3997;142940;18890;1837;30900;18260;491780;1639044;66.2;238;
BRENTA;Vigodarzere;13014;800710;882469;362366;544938;9798;-;44706;356480;116058;12301;83383;87290;749130;4049629;77.4;900;
BRENTA;Vigonza;22748;1725790;1905520;723360;1245830;12990;-;102287;686440;262800;20452;142441;179080;2772350;9779340;68.4;1470;
BRENTA;Villa Del Conte;5521;232060;133198;178262;252958;2203;-;19445;189840;51473;7049;35625;-;450880;1552993;66.9;1007;
BRENTA;Villafranca Padovana;10217;634020;956680;255230;442020;-;;32687;300160;107587;11664;191230;32590;735000;3698868;73.5;740;
BRENTA;Villanova Di Camposampiero;6144;362000;89040;168130;259390;11010;-;24937;185400;45300;6632;32451;21490;474680;1680460;67.8;607;
DESTRAPIAVE;Altivole;6911;434793;240203;247005;285799;12135;-;48963;239995;105724;11026;93250;37946;235145;1991984;83.0;753;
DESTRAPIAVE;Arcade;4470;268251;350565;21200;220411;28630;-;45328;253571;149241;6926;100550;23951;147360;1615984;85.3;586;
DESTRAPIAVE;Asolo;9128;707115;231893;285910;419087;12048;-;49452;381329;131007;11564;81405;55167;295603;2661580;84.2;859;
DESTRAPIAVE;Borso Del Grappa;5924;410911;245387;214160;227405;9367;-;45368;216796;138357;12213;101865;37879;188939;1848647;84.2;756;
DESTRAPIAVE;Breda Di Piave;7851;453313;474600;21200;335367;44948;-;56312;465238;283303;10814;124385;42487;238498;2550465;85.2;1121;
DESTRAPIAVE;Caerano Di San Marco;8017;704377;347878;250480;379147;15764;-;47939;246671;144561;12301;93580;44971;230015;2517684;86.6;534;
DESTRAPIAVE;Carbonera;11189;699809;793832;19300;491073;53995;-;53441;637450;408864;14930;136520;60398;367110;3736722;85.3;1254;
DESTRAPIAVE;Casale Sul Sile;13018;990384;792980;26880;593935;54008;-;63333;728281;358560;17081;139390;73901;547969;4386702;83.1;767;
DESTRAPIAVE;Casier;11341;942253;753407;29980;580093;67567;-;76578;633284;362105;15564;199175;59321;482160;4201487;83.6;581;
DESTRAPIAVE;Castelcucco;2215;148616;151452;66070;91922;6886;-;21420;67840;67628;3757;34495;13156;39564;712806;89.6;259;
DESTRAPIAVE;Castelfranco Veneto;33234;3198695;2116235;1067595;1812567;48849;-;256985;1527129;815712;47007;381035;417424;1904356;13593589;81.6;1786;
DESTRAPIAVE;Castello Di Godego;7177;515544;189933;232975;318144;12917;-;37512;238065;206107;14408;126950;42269;250551;2185375;83.0;946;
DESTRAPIAVE;Cavaso Del Tomba;2960;190091;69716;105440;104248;6188;-;18053;111058;67732;3605;29900;16785;194238;917054;74.3;469;
DESTRAPIAVE;Cornuda;6267;622157;329984;226680;320350;13012;-;39173;208504;154198;7863;73010;44187;254390;2293508;84.9;549;
DESTRAPIAVE;Crespano Del Grappa;4520;384732;195850;140430;210636;9138;-;41679;120445;184316;6334;70520;32158;188759;1584997;83.8;425;
DESTRAPIAVE;Crocetta Del Montello;6080;435381;207798;210460;265814;7890;-;35936;200529;141399;7702;71595;38184;265644;1888332;81.3;715;
DESTRAPIAVE;Fonte;5923;450143;277817;195640;248774;12239;-;34821;202508;115710;7725;66855;37324;193503;1843059;84.9;565;
DESTRAPIAVE;Giavera Del Montello;5142;292254;202762;9580;230844;27406;-;22450;330356;132858;8488;59431;29052;191283;1536764;82.3;755;
DESTRAPIAVE;Istrana;9299;615865;388595;290390;391587;16175;-;48993;276298;175141;9966;123250;52363;301621;2690244;83.9;950;
DESTRAPIAVE;Loria;9310;583606;182165;289655;345883;12724;-;41133;316063;155321;11126;105235;61623;269290;2373824;83.0;1139;
DESTRAPIAVE;Maser;5070;364840;334332;154300;190696;10047;-;33451;153612;131275;10886;69005;31057;166743;1650244;85.4;727;
DESTRAPIAVE;Maserada Sul Piave;9380;625278;559311;22940;368823;31153;-;47310;609559;250574;11595;66180;54640;366416;3013779;83.6;1096;
DESTRAPIAVE;Monastier Di Treviso;4276;442974;403231;31930;222104;37194;-;42957;279895;198706;8602;64200;22740;280433;2034966;82.6;395;
DESTRAPIAVE;Monfumo;1398;101688;21593;53300;64904;2525;-;12244;40303;34825;2157;17095;3917;42151;396702;85.1;294;
DESTRAPIAVE;Montebelluna;31228;2615033;1921348;952055;1684250;49221;-;185654;1197176;680973;43628;401355;386998;1452840;11570531;82.7;2179;
DESTRAPIAVE;Morgano;4487;263565;293344;17710;212695;31069;-;35242;256135;152990;7416;78430;26742;136379;1511717;85.7;673;
DESTRAPIAVE;Nervesa Della Battaglia;6789;379374;286065;34620;304806;39329;-;49023;485475;177833;9898;104190;65918;273984;2210515;81.4;1363;
DESTRAPIAVE;Paderno Del Grappa;2192;175316;78533;94355;157681;3138;-;17608;59028;57016;2756;35225;16479;72881;770016;86.0;287;
DESTRAPIAVE;Paese;21969;1568630;1480962;31400;973472;78135;-;84956;1323035;445601;25148;188235;137564;854724;7191862;83.6;1701;
DESTRAPIAVE;Pederobba;7451;690574;363170;217275;325002;14275;-;56411;222785;187869;9673;138050;43922;373230;2642236;81.1;934;
DESTRAPIAVE;Ponzano Veneto;12540;862394;774251;23680;527602;47476;-;66487;745919;285174;13795;132400;68041;498366;4045585;83.0;1258;
DESTRAPIAVE;Possagno;2177;152630;90996;97005;106301;3663;-;17110;88613;42897;3419;25990;11879;80529;721032;84.2;275;
DESTRAPIAVE;Povegliano;5251;277501;244946;12500;226108;23859;-;29290;339411;149271;8536;56339;30070;167216;1565047;83.8;747;
DESTRAPIAVE;Preganziol;16749;1422390;1132428;20550;808547;49087;-;70453;1035336;344397;21617;149860;101034;610257;5765956;85.0;914;
DESTRAPIAVE;Quinto Di Treviso;9844;791128;644440;16980;512228;49781;-;71035;630517;299882;13305;142645;67165;391881;3630987;84.4;938;
DESTRAPIAVE;Resana;9522;694060;168959;304550;354742;13955;-;56270;303443;211153;12369;116120;55837;306651;2598109;83.0;1159;
DESTRAPIAVE;Riese Pio X;11067;773201;319810;358675;413053;20110;-;52595;347329;225619;13589;111310;87496;355756;3078543;83.5;1104;
DESTRAPIAVE;Roncade;14369;978954;1010852;30550;739685;41209;-;63219;846845;483195;16380;143605;77676;548436;4980606;85.4;1792;
DESTRAPIAVE;San Biagio Di Callalta;12950;929651;902348;26400;608701;77398;-;67203;771372;484141;16837;175020;72371;437541;4568983;86.2;1371;
DESTRAPIAVE;San Zenone Degli Ezzelini;7437;491314;253440;222895;278835;12754;-;51452;195129;138544;11936;90170;42156;201775;1990400;85.0;692;
DESTRAPIAVE;Silea;10171;971977;681753;21160;719630;55227;-;49442;683342;316804;14154;119420;67008;753228;4453145;79.3;817;
DESTRAPIAVE;Spresiano;12176;1000106;853251;19720;549314;47112;-;63749;745714;319100;15550;119870;97834;552085;4383405;82.7;1030;
DESTRAPIAVE;Susegana;11835;990384;874769;34620;709390;85655;-;60563;752088;353985;17127;159705;68632;619366;4726284;83.3;1392;
DESTRAPIAVE;Trevignano;10761;671282;442742;333280;388635;10184;-;48974;338405;142048;15215;101740;61837;311299;2865641;84.4;1267;
DESTRAPIAVE;Treviso;83731;9913427;4421297;235000;5970790;190043;-;320734;6356433;1596664;97702;652750;972336;4760372;35487548;82.0;1524;
DESTRAPIAVE;Vedelago;16874;1398610;515588;502280;566458;11955;18540;64673;529064;259229;17955;126745;99846;561345;4672288;83.7;2018;
DESTRAPIAVE;Villorba;18056;1532986;1368951;52720;1113062;85251;16220;151246;1149126;604287;27501;205060;103603;1071147;7481160;82.0;2043;
DESTRAPIAVE;Volpago Del Montello;10151;515287;614157;28040;423746;59847;-;56225;664071;246048;13442;136545;62580;406351;3226339;82.2;1791;
DESTRAPIAVE;Zenson Di Piave;1805;118422;167061;4520;82378;14371;-;16971;112800;63468;2502;30440;9280;50044;672257;88.1;219;
DESTRAPIAVE;Zero Branco;11261;643834;515560;16190;450987;76776;-;53625;659930;271011;15425;119495;85456;440545;3348834;81.6;1377;
PADOVACENTRO;Abano Terme;19950;2969790;1876990;537650;1307880;-;;43112;1356960;102829;9440;144790;101070;5508090;13958601;56.9;171;
PADOVACENTRO;Albignasego;25577;2092750;1764040;839800;1397488;9310;-;141352;796040;313913;31134;191430;357840;2109690;10044787;71.6;772;
PADOVACENTRO;Casalserugo;5348;403410;326760;162500;258800;-;;-;152520;-;822;9520;93860;443610;1851802;68.6;260;
PADOVACENTRO;Padova;210401;19210522;6116545;2145150;15999600;8590;8840;720506;13979250;3748534;190440;2361310;1130302;55575590;121195179;49.5;771;
PADOVACENTRO;Ponte San Nicolo';13529;1164040;756130;399640;813570;-;;29572;389480;211161;15696;156670;39250;1196660;5171869;72.3;479;
PADOVASUD;Agna;3368;210530;182180;112130;177780;-;;6695;122980;44452;3487;52880;16070;297830;1227014;69.0;372;
PADOVASUD;Anguillara Veneta;4451;211840;236540;136560;151560;-;;27850;157720;54396;5816;66160;2370;422270;1473082;65.4;629;
PADOVASUD;Arqua' Petrarca;1874;122040;90320;93260;67820;-;;3287;62060;2300;437;8210;-;199180;648914;66.1;337;
PADOVASUD;Arre;2152;120700;145890;84770;145510;-;;6090;92610;69344;669;56050;38780;234620;995033;66.3;320;
PADOVASUD;Arzergrande;4767;253410;295160;146360;264240;-;;16828;183380;11250;4093;50400;9380;358360;1592861;71.9;647;
PADOVASUD;Bagnoli Di Sopra;3618;235850;327140;121900;171440;-;;12182;133300;9137;790;125320;29500;289390;1455949;69.8;442;
PADOVASUD;Baone;3110;224440;427700;120320;109720;-;;5560;86380;4072;1287;25340;4520;257680;1267019;76.3;141;
PADOVASUD;Barbona;671;38060;17800;31910;18300;15600;-;710;-;2061;766;6400;-;48200;179807;69.6;-;
PADOVASUD;Battaglia Terme;3881;376690;404580;133360;210220;-;;22175;110080;69272;4758;100360;39200;216420;1687115;79.1;202;
PADOVASUD;Boara Pisani;2555;269260;313580;83520;94220;-;;3196;86640;8286;559;4900;-;232860;1097021;76.6;18;
PADOVASUD;Bovolenta;3482;142990;177576;113330;197010;-;;23000;115580;175872;14701;92280;8980;272390;1333709;72.0;582;
PADOVASUD;Brugine;7034;436030;295876;196720;408180;-;;24644;254880;88720;6957;36720;22960;548870;2320557;71.6;939;
PADOVASUD;Candiana;2394;110530;145920;68510;98130;-;;15357;83140;26797;1973;39100;-;159900;749357;72.3;516;
PADOVASUD;Carceri;1580;81280;143053;41460;54470;-;;1777;49140;3937;508;24088;-;83320;483033;76.8;238;
PADOVASUD;Cartura;4665;263970;414580;160960;238920;-;;4174;150080;5847;1288;37690;25080;470110;1772699;68.5;438;
PADOVASUD;Casale Di Scodosia;4859;260580;232704;103100;273180;-;;5567;176760;165767;6769;81632;76980;376410;1759449;68.6;488;
PADOVASUD;Castelbaldo;1552;107640;160648;66460;64670;-;;3007;57220;4602;434;74867;17780;100780;658108;71.9;217;
PADOVASUD;Cinto Euganeo;2025;137820;64720;86680;61420;-;;3216;59890;2187;1094;11460;-;206040;634527;64.0;464;
PADOVASUD;Codevigo;6440;511320;546180;207540;347820;-;;15613;272200;75280;7632;73900;13670;500920;2572075;75.1;837;
PADOVASUD;Conselve;10302;949160;682539;364700;683300;-;;42637;428720;491268;15946;370970;99930;1238090;5367260;68.3;1006;
PADOVASUD;Correzzola;5298;329860;323220;163440;209340;-;;9023;198400;9012;1391;27580;-;296740;1568006;76.8;676;
PADOVASUD;Due Carrare;9050;683390;741470;316500;572390;-;;51356;371450;360578;19156;336880;36950;1123950;4614070;67.8;1024;
PADOVASUD;Este;16562;1456520;1874668;592220;1083890;-;;110528;517210;356649;23757;325974;316890;2202340;8860646;67.6;786;
PADOVASUD;Granze;2041;161220;167080;48730;72900;-;;2487;61960;8837;589;2115;3140;154580;683638;74.5;158;
PADOVASUD;Legnaro;8797;815450;952074;278480;456951;-;;25155;295980;22702;3567;39880;15470;839710;3745419;74.5;787;
PADOVASUD;Lozzo Atestino;3158;163120;157720;122720;141520;-;;2693;106900;45547;1522;18340;12960;341780;1114822;64.7;578;
PADOVASUD;Masera' Di Padova;9081;557050;473300;227480;407260;-;;51351;220420;50600;2218;35720;39520;1012010;3076929;63.2;594;
PADOVASUD;Masi;1805;117660;135668;55900;67310;-;;1854;55760;5034;425;46916;7500;95150;589177;74.7;271;
PADOVASUD;Megliadino San Fidenzio;1939;162790;223168;73780;222150;-;;1854;66860;10682;494;51063;-;315450;1128291;67.5;273;
PADOVASUD;Megliadino San Vitale;1959;127820;135608;68920;64080;-;;1854;54100;5172;540;51062;-;104070;613226;75.1;296;
PADOVASUD;Merlara;2691;150160;149132;107800;177200;-;;9026;94200;145432;7244;77634;29620;192700;1140148;73.8;491;
PADOVASUD;Monselice;17617;1657630;2228300;838290;1179100;-;;109390;665740;335463;31860;309220;193660;2621460;10170113;68.6;895;
PADOVASUD;Montagnana;9214;710500;743960;384860;567500;-;;53601;387670;161862;4630;202940;163120;904540;4285183;69.6;896;
PADOVASUD;Ospedaletto Euganeo;5738;418960;563532;162760;177820;-;;10998;121700;11759;1899;41426;-;454660;1965514;73.9;149;
PADOVASUD;Pernumia;3892;325880;425910;116670;216890;-;;4972;129120;4300;1507;19860;23800;412200;1681109;71.4;149;
PADOVASUD;Piacenza D'Adige;1341;78310;87127;51240;108150;-;;2134;39610;166239;12324;23718;12160;90360;671372;80.8;214;
PADOVASUD;Piove Di Sacco;19718;1805000;1259400;756480;1114940;-;;114043;686460;329282;30065;635660;201760;2135590;9068680;67.5;1657;
PADOVASUD;Polverara;3275;170270;163742;149120;141820;-;;17251;97180;6400;2123;69210;-;258290;1075406;69.3;461;
PADOVASUD;Ponso;2471;133865;212353;56320;109350;7360;-;2841;81960;12002;651;37215;20080;171180;845177;72.0;340;
PADOVASUD;Pontelongo;3863;239800;199280;138580;246000;-;;13950;141730;43681;4823;70260;12130;404130;1514364;66.6;399;
PADOVASUD;Pozzonovo;3590;353710;534900;107640;324080;-;;3020;143340;17137;741;16740;-;363600;1864908;78.0;363;
PADOVASUD;Saletto;2749;150980;274960;89010;130920;-;;5158;101200;1832;945;12870;1880;308420;1078175;68.1;343;
PADOVASUD;SanPietroViminario;3039;223580;305390;90230;154480;-;;3553;116220;4552;1464;5520;8450;320570;1234009;70.7;44;
PADOVASUD;Santa Margherita D'Adige;2297;168135;316688;85680;109760;-;;1854;82960;3542;711;75851;13300;174100;1032581;74.8;198;
PADOVASUD;Sant'Angelo Di Piove Di Sacco;7256;544690;580160;208040;389520;-;;1390;202380;9460;2558;-;40330;700040;2678568;70.5;834;
PADOVASUD;Sant'Elena;2467;258940;394040;75260;182990;-;;1915;82060;4222;1363;76271;23910;347300;1448271;69.3;124;
PADOVASUD;Sant'Urbano;2064;147840;216560;56540;72290;-;;3197;66260;4264;72;10420;-;265980;843423;65.3;155;
PADOVASUD;Solesino;7072;1115010;1053240;259700;397600;-;;62120;256180;255067;6687;361755;64180;577680;4409219;78.3;412;
PADOVASUD;Stanghella;4203;333280;352500;150960;190580;-;;37936;148300;61132;6339;58220;1840;330200;1671287;75.6;367;
PADOVASUD;Terrassa Padovana;2686;164320;211412;78480;124860;-;;17249;91820;4427;1433;70540;9480;235030;1009051;68.7;356;
PADOVASUD;Tribano;4427;324240;487420;184460;237740;-;;26547;143240;128392;6598;47560;32400;477980;2096577;72.4;69;
PADOVASUD;Urbana;2145;186420;204114;99340;94220;-;;3007;76040;6827;294;111190;13520;132750;927722;73.9;423;
PADOVASUD;Vescovana;1821;163520;204080;46320;59800;-;;2131;42960;3752;415;6260;1380;157300;687918;74.8;5;
PADOVASUD;Vighizzolo D'Este;924;56950;135937;39840;34010;-;;1062;23330;1427;1015;15324;-;77260;386155;75.8;56;
PADOVASUD;Villa Estense;2212;136580;309840;65090;99540;-;;2841;65510;2102;488;11660;-;255520;949171;70.3;294;
PADOVASUD;Vo;3372;337660;254180;223920;186840;105020;-;6015;-;6580;1655;43220;-;368260;1533350;74.0;-;
ROVIGO;Adria;19869;1732549;1790190;725860;1169780;54910;-;57730;668950;256919;31220;287470;121240;2371530;9268348;68.6;1416;
ROVIGO;Ariano Nel Polesine;4369;283391;453970;159580;190614;-;;16117;149140;14349;4223;37770;-;596500;1905654;65.2;715;
ROVIGO;Arqua' Polesine;2785;234170;333520;83100;155830;17970;-;6443;76170;6583;2354;16970;-;301890;1235000;73.0;-;
ROVIGO;Badia Polesine;10611;1015390;991715;421080;560140;139900;-;28652;291640;156564;14293;186450;277700;1489290;5572814;63.9;515;
ROVIGO;Bagnolo Di Po;1319;86300;158530;41760;50410;-;;5771;40580;5280;969;10680;-;124450;524730;72.7;-;
ROVIGO;Bergantino;2590;164565;379835;93660;95020;5320;-;10420;75710;42356;5285;44955;-;340630;1257756;68.1;305;
ROVIGO;Bosaro;1517;97578;171549;49758;55386;2073;-;1712;37544;10199;1167;18248;-;152255;597469;70.2;50;
ROVIGO;Calto;764;55485;112780;23760;40085;-;;3358;27160;3291;812;8560;-;102360;377651;69.2;71;
ROVIGO;Canaro;2793;200070;412030;98490;89600;-;;9301;75340;8900;2202;37370;-;297700;1231003;71.6;45;
ROVIGO;Canda;969;63200;97160;25130;39870;-;;3389;27630;3335;1003;5880;300;101080;367977;69.4;-;
ROVIGO;Castelguglielmo;1645;96790;195110;52100;64430;-;;7367;39630;4718;1187;20390;-;175110;656832;69.0;-;
ROVIGO;Castelmassa;4287;370561;550150;132250;186030;14620;-;26810;124350;40055;7207;68100;-;551220;2071353;68.9;-;
ROVIGO;Castelnovo Bariano;2835;192974;235160;117600;129405;620;-;12090;78780;20803;5564;124470;-;281210;1198676;64.8;154;
ROVIGO;Ceneselli;1744;105930;265400;47620;65290;-;;6887;56490;3666;1143;15320;-;179050;746796;72.5;156;
ROVIGO;Ceregnano;3683;197111;289030;77930;111990;-;;8206;131100;10537;1686;32700;-;285950;1146240;69.8;278;
ROVIGO;Corbola;2461;160141;307140;87880;199685;4990;-;9900;82940;41619;3966;32170;-;344060;1274491;69.2;229;
ROVIGO;Costa Di Rovigo;2659;162790;316190;57050;111570;-;;16360;74030;2300;4376;86440;-;305710;1136816;64.2;325;
ROVIGO;Crespino;1910;122857;215991;62649;69735;2611;-;2154;47271;12841;1468;22975;-;191699;752251;70.2;246;
ROVIGO;Ficarolo;2493;193140;331490;87140;102350;12140;-;7692;83790;6964;4515;25340;830;488580;1343971;60.5;170;
ROVIGO;Fiesso Umbertiano;4182;374220;603390;113560;141960;-;;17115;114580;2460;2993;95260;8750;475170;1949458;69.1;55;
ROVIGO;Frassinelle Polesine;1457;83130;190480;46070;53320;-;;7439;38090;7020;1245;17910;-;123700;568404;73.8;147;
ROVIGO;Fratta Polesine;2683;226100;446180;91640;112630;3910;-;6446;74860;5338;1572;65320;-;310780;1344776;70.9;36;
ROVIGO;Gaiba;1059;82860;169970;25550;44320;-;;6078;35560;3645;777;8810;-;100290;477860;75.7;-;
ROVIGO;Gavello;1554;75163;197450;81500;47500;-;;5687;45870;4249;1195;13880;-;148950;621444;72.3;-;
ROVIGO;Giaccianocon Baruchella;2171;157700;253955;50890;84070;4810;-;8021;76280;8874;1717;27780;-;268100;942197;66.9;4;
ROVIGO;Guarda Veneta;1182;76030;133666;38770;43155;1616;-;1335;29253;7947;910;14218;-;118633;465533;70.2;69;
ROVIGO;Lendinara;11963;1062790;1418380;370300;629590;52410;-;19842;329240;94165;8690;254910;33260;1420410;5693987;68.8;539;
ROVIGO;Loreo;3554;262721;246230;115480;138545;1270;-;8490;103780;8651;4018;65830;5170;366750;1326935;65.5;285;
ROVIGO;Lusia;3530;298550;319770;109850;144410;-;;9766;110180;12286;2595;38170;24950;433660;1504187;65.5;232;
ROVIGO;Melara;1814;119540;149885;73020;87800;-;;6151;74490;4593;3169;38760;-;285200;842608;59.8;258;
ROVIGO;Occhiobello;11915;1057990;1104680;400690;607120;103040;-;48952;608810;245816;15838;206780;33300;1293950;5726966;70.9;175;
ROVIGO;Papozze;1558;122830;228640;55390;51985;-;;6495;57430;3165;1465;13770;-;196350;737520;70.0;-;
ROVIGO;Pettorazza Grimani;1601;82660;137010;50630;65910;-;;4252;51160;7522;1120;10340;-;142520;553124;70.5;301;
ROVIGO;Pincara;1202;62130;132680;36960;58390;-;;4782;44010;2996;1132;8180;-;135080;486340;68.7;135;
ROVIGO;Polesella;4075;262116;460819;133662;148779;5570;-;4597;100852;27396;3133;49018;-;408993;1604935;70.2;103;
ROVIGO;Pontecchio Polesine;2209;132200;257210;57390;66735;-;;3843;54500;8147;2321;14710;-;130250;727306;78.6;23;
ROVIGO;Porto Tolle;9854;1016341;1038450;371780;426810;67360;-;32109;372860;38345;33949;153020;15450;1667770;5234244;63.5;282;
ROVIGO;Porto Viro;14543;1621621;1416780;553750;806330;185520;-;53001;511810;126968;19507;209840;435330;2047720;7988177;65.0;26;
ROVIGO;Rosolina;6470;821251;889340;399160;485861;23210;-;25090;353150;81950;7715;108220;88760;1886470;5170177;58.2;580;
ROVIGO;Rovigo;52170;3296410;5310290;43400;3027173;74530;-;320992;4546950;1102067;118933;439875;787030;12293690;31361340;53.1;1229;
ROVIGO;Salara;1188;78060;106930;39270;50130;-;;3955;36170;4321;1348;8720;-;137100;466004;67.2;202;
ROVIGO;San Bellino;1140;83800;85620;28820;55070;-;;4671;33060;3059;935;6080;-;163520;464635;62.1;-;
ROVIGO;San Martino Di Venezze;3974;279029;461550;143380;122240;-;;8120;101720;11229;2023;36420;-;400200;1565911;70.8;406;
ROVIGO;Stienta;3300;224210;464830;95010;144420;7910;-;15579;93670;46659;4997;43920;3340;492510;1637055;65.9;150;
ROVIGO;Taglio Di Po;8371;677851;727790;263820;433850;66300;-;50653;238690;104745;15161;94400;13930;921930;3609120;70.1;326;
ROVIGO;Trecenta;2822;214180;232670;82290;155710;-;;9640;97310;6340;3170;30430;-;468840;1300580;60.1;186;
ROVIGO;Villadose;5125;374331;665080;110400;201010;9320;-;11821;140740;22174;4567;52500;-;541900;2133843;70.8;389;
ROVIGO;Villamarzana;1195;100040;160100;34030;39240;-;;4867;34980;2800;1013;13420;-;141460;531950;69.6;80;
ROVIGO;Villanova Del Ghebbo;2058;149440;263120;70510;114180;-;;5429;60530;2700;1880;24890;-;303150;995829;65.8;102;
ROVIGO;Villanova Marchesana;956;62130;76320;29760;39290;3110;-;5485;24050;2998;2701;6090;-;97700;349634;69.0;-;
SINISTRAPIAVE;Cappella Maggiore;4710;289000;90348;161966;220373;7111;-;24676;146070;87058;7707;34920;15260;139283;1223772;82.5;964;
SINISTRAPIAVE;Cessalto;3849;237040;189190;112700;140050;9555;-;28654;113290;104964;4808;66020;23040;145700;1175011;79.4;558;
SINISTRAPIAVE;Chiarano;3731;257150;225140;104610;167310;22975;-;21912;89850;94592;4938;66480;18430;128880;1202267;82.1;563;
SINISTRAPIAVE;Cimadolmo;3401;221970;238427;132030;283263;60991;-;20462;99340;170132;3256;44421;-;118670;1392962;87.5;750;
SINISTRAPIAVE;Cison Di Valmarino;2647;186800;52520;176040;154235;19100;-;29801;89155;105750;8437;83300;9160;100535;1014833;81.3;862;
SINISTRAPIAVE;Codogne';5343;261660;158670;178610;254635;29580;-;22576;159690;93100;7476;55860;28860;215670;1466387;78.0;1237;
SINISTRAPIAVE;Colle Umberto;5111;352460;235065;173199;315279;22443;-;25981;151250;93736;8915;122787;6780;166830;1674725;82.3;1056;
SINISTRAPIAVE;Conegliano;34891;3918360;1064200;1578470;2265285;110310;-;129773;1125140;571051;42360;305640;609820;1906480;13626889;78.0;1668;
SINISTRAPIAVE;Cordignano;7020;447960;377010;237460;331210;31160;-;38360;172210;208488;11052;167820;27740;293230;2343700;79.5;1444;
SINISTRAPIAVE;Farra Di Soligo;8913;493220;451600;375100;418830;56615;-;37258;225470;165440;14398;79540;44700;509410;2871581;76.9;1904;
SINISTRAPIAVE;Follina;3873;270800;60951;220064;226864;17120;-;16907;139851;87240;6164;35298;43680;145291;1270230;80.5;889;
SINISTRAPIAVE;Fontanelle;5774;295150;253090;187830;238740;27110;190;32411;152985;228860;8499;97760;34760;171440;1728825;82.0;1151;
SINISTRAPIAVE;Fregona;3013;161760;58524;98060;121284;4607;-;15983;83012;56394;4243;22620;26500;138003;790990;74.6;818;
SINISTRAPIAVE;Gaiarine;6110;260440;560510;213090;288740;34310;-;42335;156590;143610;10300;127400;-;244000;2081325;82.2;1559;
SINISTRAPIAVE;Godega Di Sant'Urbano;6062;331060;362885;192231;266571;42447;-;39784;154280;144703;12151;189553;28280;201230;1965175;79.7;1559;
SINISTRAPIAVE;Gorgo Al Monticano;4190;266490;221260;146000;153880;16930;-;32834;114280;82711;4644;55700;20540;137780;1253049;82.0;-;
SINISTRAPIAVE;Mansue';5008;233240;224670;172388;169590;9984;-;32967;136815;95838;8062;53892;37040;160720;1335206;79.9;911;
SINISTRAPIAVE;Mareno Di Piave;9661;605420;430880;321580;442440;47065;-;47749;263140;160960;17108;104600;65260;315840;2822042;81.6;1681;
SINISTRAPIAVE;Meduna Di Livenza;2861;188930;-;96630;120280;7995;-;18560;87900;4843;4748;83840;11120;95710;720556;74.1;368;
SINISTRAPIAVE;Miane;3329;134900;52389;142886;143139;14485;-;14532;81509;74988;3996;30342;7000;117600;817766;79.7;949;
SINISTRAPIAVE;Moriago Della Battaglia;2761;157260;81720;108190;134160;22900;-;17315;74180;79430;6307;28300;12660;78680;801102;83.9;559;
SINISTRAPIAVE;Motta Di Livenza;10668;894640;680280;417210;565490;98425;-;63405;298830;260778;16879;179180;149300;724280;4348697;75.4;857;
SINISTRAPIAVE;Oderzo;20378;1851620;2595680;880270;1457825;101815;-;109894;870300;355260;22234;265580;139120;1096420;9746018;83.2;1700;
SINISTRAPIAVE;Ormelle;4478;307730;149001;156010;184565;26293;-;26491;121960;107882;5086;50483;24560;184290;1344351;79.6;625;
SINISTRAPIAVE;Orsago;3873;230720;137180;106100;168870;21110;-;19208;99890;70840;5791;42040;22780;140780;1065309;79.6;684;
SINISTRAPIAVE;Pieve Di Soligo;12106;972600;507120;468360;616725;55890;180;71917;349305;257154;17025;109800;98440;527620;4052136;80.6;1694;
SINISTRAPIAVE;Ponte Di Piave;8342;712460;442050;271960;400155;37165;-;51816;249990;208738;10646;105680;92900;382250;2965810;79.2;766;
SINISTRAPIAVE;Portobuffole';755;80530;33870;39083;43960;1506;-;4969;21010;13305;831;8126;1580;30980;279750;84.5;-;
SINISTRAPIAVE;Refrontolo;1747;66540;60730;91740;84850;10930;-;6869;52550;47573;2642;20880;3100;43500;491904;85.0;579;
SINISTRAPIAVE;Revine Lago;2208;110200;19701;83056;100210;9280;-;13045;61395;47356;3345;20920;20140;84965;573613;76.5;625;
SINISTRAPIAVE;Salgareda;6688;504640;577340;203070;269950;24430;-;43505;207070;150571;10194;83860;61980;199580;2336190;83.9;775;
SINISTRAPIAVE;San Fior;6970;413000;256080;238270;335030;25130;-;23801;210830;86132;7886;42260;18660;285900;1942979;80.2;1245;
SINISTRAPIAVE;San Pietro Di Feletto;5321;345460;192520;222290;236130;14935;-;27820;158940;105325;9502;70540;-;200990;1584452;81.8;886;
SINISTRAPIAVE;San Polo Di Piave;4857;297090;161613;158791;236912;26528;-;30418;145900;106211;5701;54756;49480;205440;1478840;77.8;842;
SINISTRAPIAVE;San Vendemiano;10054;1084880;487970;362280;619180;68610;-;52066;329320;203650;18102;105020;89760;533090;3953928;80.4;979;
SINISTRAPIAVE;Santa Lucia Di Piave;9151;721360;410320;290550;465915;48940;-;58936;255040;193932;17028;69680;11200;423970;2966871;81.6;798;
SINISTRAPIAVE;Sarmede;3086;159300;59868;98274;127033;4712;-;26032;79568;57688;3332;23139;24300;94623;757869;79.6;664;
SINISTRAPIAVE;Segusino;1887;84440;40700;70380;110850;9640;-;14350;58290;51945;4641;34560;16620;65800;562216;78.5;447;
SINISTRAPIAVE;Sernaglia Della Battaglia;6202;199180;593380;226860;307970;57260;-;50737;173220;201194;9623;108560;25840;180800;2134624;84.8;1885;
SINISTRAPIAVE;Tarzo;4399;294580;39249;178124;205250;18490;-;16439;140820;57826;8235;41680;9160;228760;1238613;75.7;1314;
SINISTRAPIAVE;Valdobbiadene;10388;774960;181000;641230;652790;34330;-;76193;339660;233907;15762;152140;125610;665830;3893412;74.8;1967;
SINISTRAPIAVE;Vazzola;7001;417320;259630;240090;351520;55280;-;33892;205560;151093;8432;90180;36120;310930;2160047;78.7;1184;
SINISTRAPIAVE;Vidor;3766;273400;78020;170560;208920;27800;-;22384;123365;88919;5589;29240;61400;169710;1259307;77.6;444;
SINISTRAPIAVE;Vittorio Veneto;28232;2979620;686360;1108550;1511850;82400;-;166123;947480;526604;36294;235800;183720;1304630;9769431;80.7;2266;
VENEZIA;Annone Veneto;3954;297080;209703;147899;291280;1456;-;13072;133220;31481;3726;17467;35600;294200;1476184;75.3;456;
VENEZIA;Campagna Lupia;7142;698358;550053;-;309136;159471;-;28464;281190;34240;13259;36607;58100;544014;2712892;76.4;304;
VENEZIA;Campolongo Maggiore;10530;891266;463251;-;470402;230648;-;40647;375125;49315;16438;56148;79120;662372;3334732;76.3;738;
VENEZIA;Camponogara;13154;920429;768043;-;601440;309795;-;40033;477773;54900;22288;64070;81880;852505;4193156;76.1;854;
VENEZIA;Caorle;11668;1956290;1303022;2564;1109900;8272;-;93472;1813720;268446;11187;113245;422600;7642450;14745168;42.3;326;
VENEZIA;Cavallino Treporti;13501;2362680;6298920;19560;1132270;35370;-;120761;2225950;440135;36318;306640;169550;4838610;17986764;67.6;330;
VENEZIA;Cavarzere;14193;959500;1086480;-;760900;-;;71034;966480;178980;13349;103840;54280;1725500;5920343;64.8;555;
VENEZIA;Ceggia;6196;388980;350280;-;391980;-;;35617;464840;142491;14017;65610;39940;250720;2144475;81.1;832;
VENEZIA;Chioggia;49706;5571160;1032350;-;3188480;42080;-;229088;5032740;1579230;43161;512950;164310;9798090;27193639;57.0;358;
VENEZIA;Cinto Caomaggiore;3243;217720;161760;126450;152580;3680;-;25637;101880;28440;4607;36280;9520;190550;1059104;77.3;577;
VENEZIA;Cona;2985;256130;334920;64300;123000;950;-;19490;105600;23340;3681;54060;21520;268100;1275091;71.1;216;
VENEZIA;Concordia Sagittaria;10386;820800;651780;335880;570190;9835;-;57512;359330;129571;13916;71760;113340;856560;3990474;73.0;986;
VENEZIA;Dolo;14889;1375464;1227250;-;813278;3450;-;77582;1067010;68223;22313;229409;187700;2593029;7664708;59.8;-;
VENEZIA;Eraclea;12396;1472870;1421120;-;664720;-;;61969;951970;190517;25359;119170;69850;1991210;6968755;67.5;914;
VENEZIA;Fiesso D'Artico;8124;719761;340660;-;399500;3100;-;22338;438030;29460;7066;48220;90700;808965;2907800;67.8;325;
VENEZIA;Fossalta Di Piave;4134;364240;472860;-;220100;-;;12633;261460;280;6044;38590;51100;444400;1871707;70.3;383;
VENEZIA;Fossalta Di Portogruaro;6054;447340;510815;113878;456498;8775;-;54174;362370;89509;9349;63076;51660;581870;2749314;73.2;545;
VENEZIA;Fosso';7008;786769;589658;-;360679;170903;-;26751;266597;42805;10888;68580;68940;578610;2971180;76.5;-;
VENEZIA;Gruaro;2811;194420;182740;115500;181160;4520;-;15912;101760;41042;4207;28580;-;247060;1116901;74.7;533;
VENEZIA;Iesolo;26144;4448670;2134005;11200;2574790;-;;123589;3334240;496289;18800;457840;516340;15097870;29213633;44.1;910;
VENEZIA;Marcon;17380;1715300;1345580;12970;1580130;548040;-;82362;607270;315529;34784;253840;78280;1745560;8319645;75.3;-;
VENEZIA;Martellago;21528;1801220;2472180;22540;1372702;1426;-;93938;1567940;421807;27539;338273;210850;1765552;10095967;75.4;1645;
VENEZIA;Meolo;6427;687900;391480;8930;327750;5710;-;39666;413840;192836;12651;115740;33220;500040;2729763;74.1;527;
VENEZIA;Mira;38575;2750380;3770540;19900;1851710;25420;-;160821;2183266;513812;43778;773080;305940;7064720;19463367;58.2;2437;
VENEZIA;Mirano;27045;2698360;2446600;54900;2006960;12930;-;107098;2213587;1028712;27830;758420;296260;3044301;14695958;71.5;2725;
VENEZIA;Mogliano Veneto;27659;2125960;1885820;1600;1636200;-;;130678;1864540;476245;44335;334660;342380;2917240;11759658;69.9;1685;
VENEZIA;Musile Di Piave;11522;964890;1049060;9850;515710;4930;-;35209;635330;213530;20448;142490;82180;1140460;4814087;70.9;853;
VENEZIA;Noale;15969;1435020;1413350;14380;913800;800;-;44445;1214350;253193;15473;170143;255980;1563030;7293964;71.2;1418;
VENEZIA;Noventa Di Piave;6981;740300;763210;-;403180;-;;21333;494920;580;13149;52690;54520;930500;3474382;69.7;338;
VENEZIA;Pianiga;12280;1029060;1146220;359980;657380;2500;-;50684;372080;144787;10750;135264;124540;1147920;5181165;74.0;476;
VENEZIA;Portogruaro;25142;2234230;1423328;214398;1630146;11713;-;125116;1718310;238488;28223;245843;271320;2299880;10440995;71.1;1636;
VENEZIA;Pramaggiore;4654;336180;194009;178358;250454;4007;-;35870;192420;56903;7485;48055;1000;330110;1634851;75.7;540;
VENEZIA;Quarto D'Altino;8208;803300;747900;48150;491320;222530;-;42250;273950;143832;16718;102080;49360;993600;3934990;71.2;114;
VENEZIA;Salzano;12777;778341;518910;11080;473786;123260;-;56751;519020;202076;16446;201943;139640;891716;3932969;70.9;1401;
VENEZIA;San Dona' Di Piave;41778;4027400;4270450;45910;2742010;52860;-;187494;2845420;634482;67973;228350;181260;4133370;19416979;73.5;2058;
VENEZIA;San Michele Al Tagliamento;11930;2053740;3133750;4880;1320910;8850;-;61647;2043270;361500;11780;194240;562920;7656860;17414347;50.0;680;
VENEZIA;Santa Maria Di Sala;17602;1567880;1675470;19500;1125060;2150;-;109370;1366310;282774;20321;226860;225100;1518901;8139696;74.3;1006;
VENEZIA;Santo Stino Di Livenza;12928;909000;820154;301496;674900;12678;-;91495;512370;151162;17932;119215;240460;939990;4790852;71.9;1321;
VENEZIA;Scorze';18863;1569240;1659530;15880;1284390;5800;-;75958;1450750;344575;22587;471828;120380;1479380;8500298;74.0;2685;
VENEZIA;Spinea;27927;2734730;1959760;7820;1621495;3140;-;143800;2037333;403982;34382;516495;299540;1848410;11610887;75.8;1385;
VENEZIA;Stra;7627;551380;431112;-;296080;2400;-;19062;417470;62520;7317;54760;87580;639010;2568691;70.5;538;
VENEZIA;Teglio Veneto;2285;123980;93644;90082;122482;1091;-;6698;70980;13912;2536;7964;-;158010;691379;74.8;377;
VENEZIA;Torre Di Mosto;4749;370770;414110;-;207700;-;;20794;277650;63196;7118;76520;38160;407960;1883978;72.1;318;
VENEZIA;Venezia;263352;20449917;13501580;286970;21752150;103410;-;1193390;22074070;4499689;360012;4407761;1343960;71169400;161142309;50.4;5331;
VENEZIA;Vigonovo;9972;774276;476249;-;512629;234112;-;39749;347492;17470;7710;145820;124440;881430;3561377;69.5;578;
VERONASUD;Albaredo D'Adige;5314;370000;289640;189160;207950;-;;29861;133280;112820;2977;96600;34040;510610;1976938;68.4;182;
VERONASUD;Angiari;2226;186320;176930;71500;104210;-;;1350;90900;10963;1970;24680;16100;195830;880753;75.7;-;
VERONASUD;Arcole;6210;499240;337720;203580;244570;-;;5110;159470;-;4304;24990;84760;782320;2346064;60.7;-;
VERONASUD;Belfiore;3102;220310;214990;97800;138320;-;;1264;118410;14570;1846;33440;17960;230283;1089193;76.6;334;
VERONASUD;Bevilacqua;1758;177340;196600;2820;73050;-;;-;116840;-;150;9120;6180;181120;763220;70.1;-;
VERONASUD;Bonavigo;2010;189490;207220;57060;106800;4;-;1900;65990;9707;887;6420;15620;161000;822098;76.5;-;
VERONASUD;Boschi Sant'Anna;1431;95000;60440;45090;49670;-;;4436;32440;71186;1795;22440;8040;135570;526107;68.6;-;
VERONASUD;Bovolone;16050;1299580;1550940;619010;860970;6000;340;79387;538010;704290;20067;400120;143800;1106840;7329354;77.8;500;
VERONASUD;Casaleone;5900;426840;481580;213720;267940;3530;-;17720;209940;87920;6603;38800;46870;452410;2253873;77.9;460;
VERONASUD;Castagnaro;3750;317150;417970;131030;160500;-;;13486;98170;47740;3370;79520;15240;463340;1747516;68.1;-;
VERONASUD;Cerea;16529;1230520;1517300;648140;892230;20060;-;53181;506230;334966;9570;166600;225820;1883680;7488297;69.0;468;
VERONASUD;Cologna Veneta;8646;574860;418455;291600;449840;17220;160;40426;246910;264600;6476;96060;136680;899640;3442927;66.6;239;
VERONASUD;Concamarise;1083;74520;79940;44790;41900;-;;-;33510;9630;494;1440;10960;54880;352064;82.6;114;
VERONASUD;Erbe';1836;109980;86700;64400;82700;-;;6908;47380;36240;2060;3130;17560;87340;544398;82.6;118;
VERONASUD;Gazzo Veronese;5405;360560;535540;195740;259450;1870;580;20823;248100;47260;5236;38360;30360;414430;2158309;78.4;532;
VERONASUD;Isola Della Scala;11577;1060920;684860;426600;571920;3190;-;37738;441290;151870;13693;134730;148160;570040;4245011;83.9;-;
VERONASUD;Isola Rizza;3284;296180;92900;129390;197540;-;;11635;150540;62710;3884;34840;-;186370;1165989;81.3;372;
VERONASUD;Legnago;25351;2300730;2452300;948440;1650150;37720;-;103387;797820;725636;20476;108280;543920;3025430;12714289;70.2;587;
VERONASUD;Minerbe;4621;350030;451800;149970;197690;12210;-;16227;116650;117246;3392;57975;43020;546580;2062790;68.4;-;
VERONASUD;Nogara;8662;794300;628320;349370;459790;1230;1250;31967;343670;93435;10743;73880;131200;840130;3759285;75.4;239;
VERONASUD;Nogarole Rocca;3677;325010;287360;113160;190670;-;;11694;135730;71330;4580;77390;53480;280430;1550834;79.2;-;
VERONASUD;Oppeano;9831;909820;617650;326340;447610;-;;31283;352340;84590;10263;66460;103330;750420;3700106;77.9;-;
VERONASUD;Palu';1256;113380;40920;44400;54130;-;;326;45540;5020;873;4220;-;68867;377676;80.0;125;
VERONASUD;Pressana;2512;172380;264810;78420;106140;-;;-;67940;10759;637;6480;15570;265770;988906;69.8;22;
VERONASUD;Ronco All'Adige;6100;449670;265880;198330;150050;-;;8739;147200;77510;3095;124180;52500;506000;1983154;65.7;423;
VERONASUD;Roverchiara;2764;206010;158330;91200;121270;-;;8560;102030;29865;2887;27930;14000;144030;906112;81.3;-;
VERONASUD;Roveredo Di Gua';1573;84010;54390;43220;61070;-;;-;40230;15180;913;33980;7450;104000;444443;67.9;260;
VERONASUD;Salizzole;3755;272940;285260;127500;184160;-;;11592;177140;54460;4410;36120;23840;221060;1398482;80.0;326;
VERONASUD;San Giovanni Lupatoto;25066;2166830;1850590;876820;1640130;31800;-;218854;843420;556825;41379;211770;298960;2419570;11156948;72.5;-;
VERONASUD;San Pietro Di Morubio;3040;243060;141160;107490;155650;-;;12750;131230;46946;3502;66080;18090;143340;1069298;83.0;213;
VERONASUD;Sanguinetto;4101;300260;371470;151440;210620;8500;-;14795;110140;140552;2478;52310;66840;445560;1874965;69.6;4;
VERONASUD;Sorga';3060;221200;190320;108850;152790;-;;16098;112100;49160;5464;34910;23420;203410;1117722;79.4;241;
VERONASUD;Terrazzo;2254;176820;160520;75870;81220;-;;9654;87260;71540;2851;41650;9220;140950;857555;80.7;-;
VERONASUD;Trevenzuolo;2764;203600;218900;96170;126000;-;;7400;119330;68700;2303;45820;29040;220170;1137433;78.0;-;
VERONASUD;Veronella;5010;330010;367590;153900;181510;-;;-;118720;-;1337;21790;48620;482980;1706457;66.7;-;
VERONASUD;Vigasio;9955;729320;737510;318030;419770;-;;22697;277290;96710;10529;86930;101250;781860;3581896;76.6;1304;
VERONASUD;Villa Bartolomea;5824;435790;629730;218755;221580;-;;28899;180060;100150;12135;118170;47780;578960;2572009;70.7;-;
VERONASUD;Zevio;14953;1510370;1310130;568080;888980;112540;-;64981;315810;484741;27264;447390;186320;1088010;7004616;76.1;395;
VERONASUD;Zimella;4952;276650;321690;164260;191960;17800;-;17847;115140;76768;4255;84815;4560;401420;1677165;71.0;617;
VICENZA;Agugliaro;1404;82810;35800;35060;59520;-;;-;48860;-;167;2540;-;57000;321757;79.2;251;
VICENZA;Albettone;2081;133920;119430;67000;72100;1940;-;1000;56200;14630;749;620;18300;248040;733929;61.9;421;
VICENZA;Alonte;1665;97840;60740;49740;81876;-;;5371;54830;36920;1739;49540;28070;84810;551476;76.4;-;
VICENZA;Altavilla Vicentina;12056;1358890;590360;380740;628750;15355;-;74581;335970;329090;17278;378310;311390;689050;5109764;79.9;185;
VICENZA;Altissimo;2214;112430;-;60520;67980;-;;9790;47520;18683;2141;46580;-;135800;501444;65.8;198;
VICENZA;Arcugnano;7820;565820;311230;310270;356050;1200;-;56335;224200;233245;12230;197790;48720;424910;2742000;78.9;848;
VICENZA;Arsiero;3192;136530;47002;122705;115692;-;572;20546;62800;62150;4932;51961;13130;358430;996450;58.0;876;
VICENZA;Arzignano;25844;2139770;645840;900120;1272530;-;;146068;736680;485237;19189;309150;951280;2218500;9824364;70.1;493;
VICENZA;Asigliano Veneto;848;40850;25070;23760;30130;-;;3010;23240;6960;285;23680;3300;46720;227005;72.1;164;
VICENZA;Barbarano Vicentino;4594;309345;179760;162000;202370;3520;-;19701;109540;145810;6568;76220;28880;470400;1714114;64.9;295;
VICENZA;Bolzano Vicentino;6542;418210;232020;233170;351760;-;;23104;174500;120005;11344;84460;49220;467400;2165193;70.8;602;
VICENZA;Breganze;8677;286560;277760;394110;505000;44000;22140;37809;230340;226816;11702;55280;151690;809050;3052257;65.9;1658;
VICENZA;Brendola;6666;453480;172959;244051;281739;-;;26403;196348;109941;4540;118106;267750;527740;2403057;69.2;262;
VICENZA;Bressanvido;3167;237350;126930;113930;158640;3645;-;12521;65220;84360;1990;109870;30440;198260;1143156;76.3;168;
VICENZA;Brogliano;3962;205650;104620;163730;134380;-;;22015;78940;74768;4012;73480;15400;273280;1150275;70.8;724;
VICENZA;Caldogno;11327;917640;606400;330950;512460;15385;-;53620;244060;211060;13653;257760;112050;599310;3874348;79.8;604;
VICENZA;Caltrano;2552;84940;48262;92624;76417;-;562;13891;41920;49435;3269;35323;11550;242170;700363;59.2;477;
VICENZA;Calvene;1314;40780;25845;51163;42015;-;;6903;23550;34741;1598;22096;-;118230;366921;62.4;330;
VICENZA;Camisano Vicentino;11074;1080220;671450;394020;572170;45135;-;39158;285210;200120;10725;198360;179950;799120;4475638;77.1;565;
VICENZA;Campiglia Dei Berici;1716;55260;68900;49020;70890;-;;12581;49580;46822;2194;16380;13620;115520;500767;69.2;352;
VICENZA;Carre';3667;159960;164460;114280;119820;-;486;18790;58760;83722;7915;46380;35120;414280;1223973;59.8;485;
VICENZA;Castegnero;2939;191920;118020;98840;125140;-;;-;75920;51160;645;35460;23000;223880;943985;68.2;307;
VICENZA;Castelgomberto;6109;306900;177340;204200;263460;-;;34364;154180;151750;7530;144000;175760;439510;2058994;70.0;1225;
VICENZA;Chiampo;13034;874820;215160;420790;537880;46760;-;68968;326840;283091;12968;107090;188280;923420;4006067;71.6;394;
VICENZA;Chiuppano;2598;107690;86721;97604;91382;-;187;12077;51300;47522;3043;33524;43240;220080;794370;62.8;372;
VICENZA;Cogollo Del Cengio;3254;124080;105998;113156;128723;-;721;17803;56050;113165;4151;45777;4530;270250;984404;67.5;592;
VICENZA;Cornedo Vicentino;12080;633660;334280;385740;422520;-;;56742;292260;217834;14013;175090;347400;881480;3761019;68.7;1812;
VICENZA;Costabissara;7436;608800;297720;230420;371860;6113;-;32007;173560;211149;11030;89860;78500;493400;2604419;73.8;478;
VICENZA;Creazzo;11332;823380;643820;332740;500320;3260;-;57651;270850;191900;13312;199360;248170;788820;4073583;74.2;941;
VICENZA;Crespadoro;1330;65500;-;37450;48210;-;;6090;29680;16677;938;22500;-;189100;416145;50.1;-;
VICENZA;Dueville;14065;1036220;859080;456790;631560;20040;-;68993;299760;400670;18423;341150;150260;1313630;5596576;72.2;1617;
VICENZA;Fara Vicentino;3852;193660;41270;168190;135020;-;695;16340;77400;44810;5004;35960;-;347410;1065759;63.8;798;
VICENZA;Gambellara;3399;206900;91400;110140;142630;-;;16099;76770;77450;4603;80120;51400;300590;1158102;67.4;260;
VICENZA;Gambugliano;846;56448;-;23426;24522;-;;3652;22255;-;236;3563;-;43888;177990;71.0;-;
VICENZA;Grancona;1862;94140;18592;69613;82158;571;-;8775;56173;46183;3618;47157;7230;102170;536380;74.3;-;
VICENZA;Grisignano Di Zocco;4278;478780;226250;157030;201900;5105;-;23044;98380;87960;8293;118110;46120;313665;1764637;77.2;89;
VICENZA;Grumolo Delle Abbadesse;3813;364200;136480;127490;189040;3465;-;15910;107740;75940;6019;104580;19980;264000;1414844;76.6;476;
VICENZA;Isola Vicentina;10214;723092;216800;316074;390238;5575;-;38696;226335;194139;9816;87152;86980;1139512;3434409;61.9;-;
VICENZA;Laghi;133;-;;8170;5150;-;1;847;2540;1351;411;2486;-;21550;42506;44.2;249;
VICENZA;Lastebasse;208;18210;649;15613;10780;-;35;1561;4120;4774;479;2905;-;33288;92414;61.0;54;
VICENZA;Longare;5682;285270;292430;185620;217900;9930;-;29377;142870;127970;9273;87400;50760;276165;1714965;78.1;964;
VICENZA;Lonigo;16391;1366180;720720;507730;766540;34380;-;61952;483420;324685;13005;484900;276040;1179380;6218932;74.1;-;
VICENZA;Lugodi Vicenza;3691;162780;72905;122577;138335;-;;18647;69180;112889;4470;59164;-;337050;1097997;64.4;897;
VICENZA;Malo;14951;850370;375120;485360;689030;-;2120;60097;299180;334778;18654;181730;239390;1311560;4847389;63.9;1719;
VICENZA;Marano Vicentino;9515;628310;440520;304680;377190;12700;1380;36892;171770;237811;12912;147660;64620;491810;2928255;76.4;727;
VICENZA;Monte Di Malo;2885;115080;12610;104860;90400;-;646;10278;44580;31134;4167;36240;-;355000;804995;51.8;658;
VICENZA;Montebello Vicentino;6571;471560;232320;205660;305430;-;;37828;171660;136050;6397;119820;147360;627090;2461175;68.0;74;
VICENZA;Montecchio Maggiore;23651;1817810;852321;719729;1022481;18740;-;137756;628452;455736;27184;597234;852600;1815510;8945553;70.9;626;
VICENZA;Montecchio Precalcino;5019;297590;221440;120700;188160;56220;6860;31638;73360;149030;9635;47840;63260;432680;1698413;71.2;197;
VICENZA;Montegalda;3388;248240;114850;126190;133400;6255;-;16326;81840;73030;6776;98040;30770;213520;1149237;75.9;393;
VICENZA;Montegaldella;1806;139770;65460;57940;63870;5760;-;9444;40890;13100;3065;60910;-;114540;574749;73.5;156;
VICENZA;Monteviale;2789;145500;78800;105940;105600;-;;13376;67760;42818;4116;60360;49220;164390;837880;72.5;346;
VICENZA;Monticello Conte Otto;9158;764920;573640;279950;419470;9550;-;43817;228510;201760;13949;175290;105610;456750;3273216;81.6;124;
VICENZA;Montorso Vicentino;3153;174080;94740;111380;132060;-;;19435;88600;73283;4786;97460;59360;246180;1101364;69.2;308;
VICENZA;Mossano;1788;138834;56830;61160;63060;-;;8280;36890;76410;3931;99260;10760;198960;754375;57.9;120;
VICENZA;Nanto;3085;211520;140240;100880;128380;-;;24637;74000;147970;9156;39940;12040;219840;1108603;73.9;293;
VICENZA;Nogarole Vicentino;1172;66710;5500;52620;37840;-;;6890;27820;9200;943;23260;-;68910;299693;70.8;-;
VICENZA;Noventa Vicentina;8947;783280;1068450;290300;527340;27950;-;38313;341224;171245;7528;130440;128440;505540;4020050;78.9;305;
VICENZA;Orgiano;3057;170630;227340;119240;107985;10480;-;10253;71740;58877;4601;91260;32920;212380;1117706;68.3;679;
VICENZA;Pedemonte;774;25660;2355;29641;31283;-;130;5654;13720;17295;1528;10528;-;92590;230384;55.6;226;
VICENZA;Piovene Rocchette;8346;446770;337559;309136;418118;-;593;38453;272290;155528;11014;107316;104750;675020;2876547;68.0;810;
VICENZA;Pojana Maggiore;4336;255100;302070;153030;209010;-;;24068;153710;76865;6698;107460;29180;229640;1546831;79.0;594;
VICENZA;Posina;566;20590;-;29430;33860;-;2;3904;12540;6328;2086;11461;-;96290;216491;50.8;353;
VICENZA;Quinto Vicentino;5814;427700;275640;167450;262860;5305;-;21071;109940;121120;6236;154440;33960;408820;1994542;74.3;419;
VICENZA;Recoaro Terme;6453;296200;41400;292600;295420;-;;44446;123020;174856;7079;151290;96520;503810;2026641;68.2;2050;
VICENZA;Salcedo;1028;21640;4420;39720;31220;-;3;4357;17160;4800;1128;14220;-;86830;225498;55.8;338;
VICENZA;San Germano Dei Berici;1178;44570;12018;42147;46897;369;-;5639;37387;21657;2954;30482;9060;61110;314290;72.5;-;
VICENZA;San Pietro Mussolino;1625;76870;-;65000;56260;-;;-;35020;7750;808;12020;-;94100;347828;68.7;60;
VICENZA;San Vito Di Leguzzano;3608;184510;118620;113760;166540;-;1229;20174;65550;98720;6959;50200;60250;307350;1193862;65.3;494;
VICENZA;Sandrigo;8453;541730;411930;291190;386120;11760;-;32283;218350;161590;9421;66670;170650;583610;2885304;75.3;1009;
VICENZA;Santorso;5859;280340;139400;199780;298260;-;;28961;121340;112100;9013;60480;41080;633400;1924154;61.7;1052;
VICENZA;Sarcedo;5271;143420;198900;171380;212480;-;1542;31386;96790;135908;9477;76740;21360;278320;1377703;73.1;1376;
VICENZA;Sarego;6796;505250;194880;193890;273460;-;;33473;222190;114460;8297;184620;100960;506080;2337560;70.8;326;
VICENZA;Schio;39355;2543110;1294390;1543590;2703420;11500;1794;155896;1692450;978136;49792;496560;635230;4084860;16190728;66.2;4751;
VICENZA;Sossano;4403;156840;191860;127200;216800;4085;-;15050;129680;69010;5037;34020;29760;315840;1295182;68.3;1083;
VICENZA;Sovizzo;7500;472940;322540;239190;317500;-;;35875;180480;109860;7828;112940;211780;535180;2546113;71.8;469;
VICENZA;Thiene;24363;1819440;903420;871040;1523440;17080;3430;99002;568240;441010;34372;256340;431860;2576960;9545634;65.6;1427;
VICENZA;Tonezza Del Cimone;521;42050;2020;49940;35530;-;;6503;14900;4885;1772;21800;57650;203960;441010;36.6;37;
VICENZA;Torrebelvicino;5917;284380;150020;191090;196100;-;8;23754;101040;104990;7470;62900;40500;480660;1642912;64.5;865;
VICENZA;Torri Di Quartesolo;11885;1124020;753930;410910;666160;27890;-;70474;309650;288291;24937;198200;193080;1457840;5525382;69.8;551;
VICENZA;Trissino;8784;621920;308020;297540;349480;-;;52432;231500;162370;10183;116500;187560;810770;3148275;68.2;1166;
VICENZA;Valdagno;26234;1418020;898200;974170;1366230;50780;-;173330;527110;821727;49422;477300;377100;2196730;9330119;71.5;4824;
VICENZA;Valdastico;1297;54940;3972;37726;46427;-;220;9532;20200;29134;2537;17733;-;152570;374991;55.1;325;
VICENZA;Valli Del Pasubio;3242;81070;-;121160;102780;-;;11894;71200;19115;908;12700;-;494680;915507;43.6;755;
VICENZA;Velo D'Astico;2403;68350;35258;89255;77248;-;429;14022;92320;49282;2732;34132;31350;197320;691698;60.3;722;
VICENZA;Vicenza;112953;9960800;8403120;4345600;8810972;168145;940;468129;5413920;3679782;192349;2848140;2408460;19347020;66047377;62.7;5215;
VICENZA;Villaga;1914;114460;10400;69170;82140;-;;4990;57660;36420;2194;32640;25410;124420;559904;70.9;-;
VICENZA;Villaverla;6127;409540;259430;207020;285160;8800;1912;30064;142990;111433;11680;78680;64500;320660;1931869;75.9;592;
VICENZA;Zane';6653;407940;385600;223040;293800;-;777;33998;124880;119761;10672;87580;137880;565240;2391168;67.1;459;
VICENZA;Zermeghedo;1410;92080;48360;66500;49750;-;;7420;34550;26150;1993;39960;36840;108860;512463;70.7;65;
VICENZA;Zovencedo;773;47130;-;34320;27800;-;;2587;24720;19420;928;20540;1930;57360;236735;69.4;-;
VICENZA;Zugliano;6835;321240;245330;224560;258660;-;500;30035;133540;39590;7581;132820;39400;565700;1998956;63.9;1126;
VERONANORD;Affi;2336;323080;170610;185030;136040;-;;14110;97250;46438;8063;62900;70090;454690;1568301;67.0;-;
VERONANORD;Badia Calavena;2649;193840;47320;104840;119560;-;;15038;64460;78060;4933;45380;-;156430;829861;76.5;50;
VERONANORD;Bardolino;7049;1257930;2370270;1013290;846910;-;;59723;470840;342359;13472;156080;172500;3405530;10108904;63.4;52;
VERONANORD;Bosco Chiesanuova;3597;212080;58620;179610;166990;1900;-;16340;108060;68820;740;57100;43740;1353350;2267350;36.9;196;
VERONANORD;Brentino Belluno;1395;184430;21730;70780;113260;-;;7394;61190;54175;2268;73960;17630;126480;733297;72.7;-;
VERONANORD;Brenzone;2474;391080;50340;212240;161890;-;;10690;109240;30206;1011;44720;50100;510950;1572467;62.5;-;
VERONANORD;Bussolengo;19938;1970430;591180;830420;1594910;17090;-;89572;562820;490194;22770;178100;323510;2127350;8798346;71.3;609;
VERONANORD;Buttapietra;7060;537340;410960;217860;290640;-;;29962;154470;160840;6693;152460;56400;476000;2493625;75.0;135;
VERONANORD;Caldiero;7791;758160;581160;278030;386900;-;;21332;175790;198706;4277;88920;46420;649240;3188935;76.5;85;
VERONANORD;Caprino Veronese;8371;628180;307490;341470;430930;-;;56695;227880;273169;19938;201680;134850;842870;3465152;68.3;658;
VERONANORD;Castel D'Azzano;11767;963800;735030;389720;560470;-;;54998;258760;253814;15040;100280;163760;998900;4494572;74.0;1;
VERONANORD;Castelnuovo Del Garda;13214;1371190;1217870;561600;736250;-;;63035;367310;315662;21208;447940;199730;2051620;7353415;66.2;-;
VERONANORD;Cavaion Veronese;5857;580840;494600;257330;312050;2000;-;29529;191530;241295;5168;258380;125720;354330;2852772;78.7;-;
VERONANORD;Cazzano Di Tramigna;1533;138540;20400;52060;64920;-;;4856;53830;52325;1523;14840;6460;153220;562974;69.5;-;
VERONANORD;Cerro Veronese;2474;206290;153740;107320;117600;1960;-;15610;40040;44600;284;29080;51360;552730;1320614;54.1;-;
VERONANORD;Colognola Ai Colli;8627;839840;544740;321620;473400;18980;-;37207;245250;280502;8302;134900;154540;578300;3637581;78.9;-;
VERONANORD;Costermano;3738;425770;299000;247760;289750;-;;18980;159200;127146;8337;60780;70040;574860;2281623;70.9;238;
VERONANORD;Dolce';2618;218300;86680;92760;115640;-;;14754;73950;247574;3531;73640;44940;175630;1147399;77.9;87;
VERONANORD;Erbezzo;750;-;-;-;-;-;-;-;-;-;-;3920;-;349550;353470;0.3;-;
VERONANORD;Ferrara Di Monte Baldo;216;-;;12160;-;;-;;-;;-;3720;-;222630;238510;5.6;-;
VERONANORD;Fumane;4118;271170;224460;187180;198250;-;;23450;124210;160171;10252;86240;49280;219090;1553753;79.8;830;
VERONANORD;Garda;4092;835250;650580;483970;424770;-;;18242;228660;159815;8986;76760;200530;1105640;4193203;69.7;7;
VERONANORD;Grezzana;10788;822110;588050;396600;516630;-;;39541;317190;162600;6080;223300;154990;433180;3660271;79.9;156;
VERONANORD;Illasi;5332;492580;300580;196620;284750;-;;25199;131630;201906;6685;201860;43920;369950;2255680;75.9;47;
VERONANORD;Lavagno;8435;686700;336940;319710;356890;-;;26851;165480;203176;10009;122220;98080;510440;2836496;76.8;30;
VERONANORD;Lazise;6903;1239560;616700;960050;679980;3350;-;52162;481085;243755;14233;146440;227130;3119910;7784355;56.7;11;
VERONANORD;Malcesine;3755;641020;972620;562720;476700;7130;-;33562;197840;259126;7091;107270;85550;1653880;5004509;64.3;643;
VERONANORD;Marano Di Valpolicella;3175;254480;98900;147840;178740;-;;19801;100610;101590;5461;78640;-;436320;1422382;64.7;50;
VERONANORD;Mezzane Di Sotto;2530;202740;119380;92840;100690;-;;5572;77140;6880;2179;24180;-;243280;874881;69.4;-;
VERONANORD;Montecchia Di Crosara;4370;304040;61080;163700;190810;24220;-;16823;60140;94400;6851;115640;7060;268080;1312844;72.5;123;
VERONANORD;Monteforte D'Alpone;8892;750850;241380;296310;396850;-;;35092;226220;186236;6753;313360;87780;540900;3081731;73.3;-;
VERONANORD;Mozzecane;7506;654460;565940;222160;333230;-;;20095;191590;113510;6921;66260;101880;685660;2961706;73.1;37;
VERONANORD;Negrar;17104;1147370;822800;662120;833190;3000;-;63903;496360;300030;22648;304750;200000;842080;5698251;79.1;913;
VERONANORD;Pastrengo;3092;186630;272520;93120;167140;-;;17281;79400;108066;7831;77100;70890;279480;1359458;72.6;165;
VERONANORD;Pescantina;17128;1432300;850520;601740;830240;-;;62443;471620;395761;23316;405420;145010;974420;6192790;77.9;19;
VERONANORD;Peschiera Del Garda;10323;1630140;1884350;924630;976020;-;;68685;525490;275310;14872;339840;23300;3053940;9716577;65.5;107;
VERONANORD;Povegliano Veronese;7113;502840;342730;258450;369950;-;;32643;189920;201520;11348;122960;138100;420160;2590621;77.4;612;
VERONANORD;Rivoli Veronese;2181;171270;103880;90860;92780;-;;9449;62680;61568;2923;37940;61190;99290;793830;80.0;-;
VERONANORD;Ronca';3807;257640;31340;162030;146210;34670;-;18659;36880;142912;6810;151740;8160;255960;1253011;70.4;159;
VERONANORD;Rovere' Veronese;2115;114345;-;79293;83563;-;;7677;52579;14568;410;26195;-;507990;886620;39.2;148;
VERONANORD;San Bonifacio;21284;2076760;1033960;884420;1520080;82380;-;104480;726630;726545;17503;319460;438260;1790530;9721008;73.0;912;
VERONANORD;San Giovanni Ilarione;5113;374590;64340;143500;211870;33650;-;22679;124040;77240;6338;89020;13280;261320;1421867;75.9;28;
VERONANORD;San Martino Buon Albergo;14920;1607840;795960;525030;790070;-;;61893;429170;501743;15830;290820;253860;1264300;6536516;75.1;552;
VERONANORD;San Mauro Di Saline;582;31465;-;21820;22995;-;;2113;14469;4009;113;7208;-;139787;243979;39.2;148;
VERONANORD;San Pietro In Cariano;12906;1407950;901000;525480;741500;12720;-;51266;375160;353535;17862;209600;119180;727530;5442783;82.3;841;
VERONANORD;San Zeno Di Montagna;1365;257960;59600;161090;89740;-;;16887;41200;61160;3852;36030;75290;189560;992369;74.7;-;
VERONANORD;Sant'Ambrogio Di Valpolicella;11737;988340;884910;408160;521160;21220;-;42431;276520;234140;16648;165220;201310;720260;4480319;78.8;292;
VERONANORD;Sant'Anna D'Alfaedo;2553;-;6720;94280;109640;-;;9030;49090;30170;2032;20440;-;802550;1123952;26.9;-;
VERONANORD;Selva Di Progno;931;63600;-;68960;47840;-;;1605;22080;22800;1162;13180;-;219600;460827;48.3;-;
VERONANORD;Soave;7114;720960;255360;303860;352510;-;;25387;207410;130838;6782;206820;141080;502890;2853897;74.4;-;
VERONANORD;Sommacampagna;14821;968020;1535810;704150;889700;408721;-;95710;361350;586681;21507;176016;222380;861300;6831345;81.2;501;
VERONANORD;Sona;17683;1163640;1143380;591470;994680;19450;-;80803;512260;406774;21592;139460;209580;1251420;6534509;77.2;910;
VERONANORD;Torri Del Benaco;3023;413530;253370;321530;189380;-;;13073;130010;6964;5086;55300;100720;666020;2154983;64.7;-;
VERONANORD;Tregnago;4938;464180;152840;190120;274980;-;;20925;126170;113792;4511;73840;20900;568490;2010748;68.1;-;
VERONANORD;Valeggio Sul Mincio;15098;1207030;1178890;653440;947880;-;;65377;379390;372098;24152;197200;252810;2143590;7421857;67.3;563;
VERONANORD;Velo Veronese;770;41629;-;28868;30422;-;;2795;19142;5304;149;9537;-;184942;322788;39.2;148;
VERONANORD;Vestenanova;2608;152360;-;99880;99440;-;;12455;67250;40966;879;81810;-;272230;827270;59.4;51;
VERONANORD;Villafranca Di Verona;33194;3341240;1721080;1260640;1984320;26730;-;129974;1009300;751165;25664;747480;484270;2665740;14147603;75.0;13;
VERONACITTA';Verona;260200;21056060;2472700;9132340;16932740;581920;22310;496000;7249380;3694990;139765;6526630;4734750;60674220;133713805;48.13;790;