Produzione di Rifiuti Urbani nella Regione Veneto - Anno 2015;;;;;;;;;;;;;;;;;;;
Bacino;Comune; Popolazione (n°); FORSU (kg); VERDE (kg); VETRO (kg); CARTA E CARTONE (kg); PLASTICA (kg);IMBALLAGGI METALLICI (kg);RAEE (kg); MULTIMATERIALE (kg); ALTRO RECUPERABILE (kg); RIFIUTI PARTICOLARI (kg);INGOMBRANTI (KG);SPAZZAMENTO (kg);CER 200301 - 200203 (kg); RIFIUTO TOTALE (kg); % RD (DGRV 288/14);UTENZE COMP. DOM. (n°);
BELLUNO;Agordo; 4.124 ; 359.681 ; 42.790 ; 259.690 ; 294.433 ; 30.495 ;; 43.435 ; 200.316 ; 239.000 ; 14.129 ; 84.726 ; 60.461 ; 302.855 ; 1.932.011 ; 75,6 ; 692 ;
;Alano di Piave; 2.827 ; 116.460 ; 24.420 ; 89.422 ; 110.583 ; 40.730 ;; 17.535 ; 51.306 ; 114.568 ; 5.777 ; 49.580 ; -   ; 139.200 ; 759.581 ; 78,0 ; 640 ;
;Alleghe; 1.224 ; 106.754 ; 12.700 ; 77.077 ; 87.389 ; 9.051 ;; 12.891 ; 59.454 ; 70.935 ; 4.194 ; 25.147 ; 17.945 ; 89.888 ; 573.425 ; 75,6 ; 200 ;
;Arsiè; 2.368 ; 122.196 ;; 104.310 ; 108.263 ; 26.930 ;; 20.569 ; 46.607 ; 86.528 ; 7.286 ; 74.480 ; -   ; 130.335 ; 727.504 ; 76,4 ; 500 ;
;Auronzo di Cadore; 3.350 ; 525.520 ; 40.266 ; 27.500 ; 299.807 ; 960 ;; 31.350 ; 396.436 ; 173.910 ; 6.051 ; 85.975 ; -   ; 298.950 ; 1.886.725 ; 75,1 ; 875 ;
;Belluno; 35.870 ; 2.930.740 ; 446.240 ; 18.220 ; 2.586.490 ; 154.190 ;; 203.069 ; 2.943.030 ; 663.470 ; 55.940 ; 190.800 ; 1.107.580 ; 2.539.080 ; 13.838.849 ; 75,1 ; 5.300 ;
;Borca di Cadore; 781 ; 106.090 ; 53.980 ;; 64.010 ; 23.850 ;; 7.464 ; 58.650 ; 20.144 ; 402 ; 4.270 ; -   ; 184.060 ; 522.920 ; 63,3 ; 1 ;
;Calalzo di Cadore; 2.085 ; 190.430 ; 43.728 ; 13.200 ; 168.166 ;;; 16.078 ; 200.226 ; 92.866 ; 5.855 ; 45.912 ; -   ; 134.550 ; 911.011 ; 75,5 ; 303 ;
;Canale d'Agordo; 1.131 ; 98.645 ; 11.735 ; 71.222 ; 80.750 ; 8.363 ;; 11.912 ; 54.938 ; 65.547 ; 3.874 ; 23.237 ; 16.582 ; 83.060 ; 529.865 ; 75,6 ; 202 ;
;Cencenighe Agordino; 1.311 ; 114.341 ; 13.603 ; 82.555 ; 93.599 ; 9.694 ;; 13.809 ; 63.680 ; 75.977 ; 4.492 ; 26.934 ; 19.220 ; 96.277 ; 614.181 ; 75,6 ; 305 ;
;Cesiomaggiore; 4.029 ; 201.390 ; 60.490 ; 155.058 ; 201.218 ; 32.370 ;; 27.192 ; 80.154 ; 187.289 ; 13.789 ; 62.910 ; 34.240 ; 151.910 ; 1.208.010 ; 83,1 ; 1.212 ;
;Chies d'Alpago; 1.377 ; 101.204 ;;; 79.542 ; 37.571 ;; 7.494 ; 65.788 ; 55.419 ; 2.460 ; 28.004 ; -   ; 98.702 ; 476.184 ; 73,6 ; 352 ;
;Cibiana di Cadore; 393 ; 32.640 ; 22.520 ;; 30.330 ; 8.060 ;; 4.293 ; 27.600 ; 16.500 ; 210 ; 8.630 ; -   ; 82.770 ; 233.553 ; 61,0 ; 43 ;
;Colle Santa Lucia; 360 ; 31.392 ; 3.735 ; 22.665 ; 25.697 ; 2.662 ;; 3.791 ; 17.483 ; 20.859 ; 1.234 ; 7.395 ; 5.277 ; 26.433 ; 168.623 ; 75,6 ; 183 ;
;Comelico Superiore; 2.238 ; 123.076 ; 22.346 ;; 116.303 ; 70.673 ;; 10.650 ; 111.787 ; 87.570 ; 2.057 ; 30.596 ; 8.180 ; 306.091 ; 889.329 ; 60,4 ;;
;Cortina d'Ampezzo; 5.907 ; 1.102.040 ; 229.410 ;; 803.070 ; 209.670 ;; 46.868 ; 793.600 ; 124.560 ; 3.633 ; 66.010 ; 523.200 ; 2.242.810 ; 6.144.871 ; 53,2 ; 174 ;
;Danta di Cadore; 463 ; 23.939 ; 23.483 ;; 27.297 ; 25.381 ;; 2.301 ; 44.262 ; 25.263 ; 611 ; 1.500 ; -   ; 62.088 ; 236.125 ; 70,4 ; 64 ;
;Domegge di Cadore; 2.441 ; 187.410 ; 52.519 ; 15.540 ; 136.864 ;;; 27.692 ; 206.537 ; 112.050 ; 5.824 ; 49.920 ; 15.540 ; 122.200 ; 932.096 ; 75,2 ; 413 ;
;Falcade; 1.951 ; 170.163 ; 20.244 ; 122.858 ; 139.294 ; 14.427 ;; 20.548 ; 94.768 ; 113.070 ; 6.686 ; 40.083 ; 28.604 ; 143.279 ; 914.024 ; 75,6 ; 327 ;
;Farra d'Alpago; 2.639 ; 172.877 ;;; 135.875 ; 64.179 ;; 12.802 ; 112.379 ; 94.667 ; 4.200 ; 47.836 ; -   ; 168.604 ; 813.419 ; 73,6 ; 537 ;
;Feltre; 20.649 ; 1.904.130 ;; 893.840 ; 1.391.780 ; 165.850 ;; 131.156 ; 781.240 ; 905.159 ; 42.538 ; 166.180 ; 396.420 ; 952.350 ; 7.730.643 ; 81,9 ; 5.179 ;
;Fonzaso; 3.228 ; 152.220 ; 29.260 ; 129.595 ; 164.397 ; 40.390 ;; 22.254 ; 57.643 ; 189.128 ; 11.446 ; 34.870 ; 43.590 ; 159.770 ; 1.034.563 ; 80,7 ; 855 ;
;Forno di Zoldo; 2.330 ; 233.370 ; 15.245 ; 18.430 ; 140.009 ;;; 11.998 ; 191.465 ; 108.505 ; 7.633 ; 47.000 ; 20.820 ; 116.940 ; 911.415 ; 75,3 ; 253 ;
;Gosaldo; 644 ; 56.159 ; 6.681 ; 40.547 ; 45.971 ; 4.761 ;; 6.782 ; 31.276 ; 37.316 ; 2.206 ; 13.229 ; 9.440 ; 47.287 ; 301.655 ; 75,6 ; 302 ;
;La Valle Agordina; 1.108 ; 96.639 ; 11.497 ; 69.773 ; 79.108 ; 8.193 ;; 11.670 ; 53.821 ; 64.215 ; 3.796 ; 22.764 ; 16.244 ; 81.371 ; 519.091 ; 75,6 ; 347 ;
;Lamon; 2.887 ; 65.070 ; 20.940 ; 138.760 ; 140.100 ; 86.690 ;; 19.145 ; -   ; 154.558 ; 8.856 ; 56.020 ; -   ; 154.150 ; 844.289 ; 78,2 ; 842 ;
;Lentiai; 3.017 ; 246.350 ;;; 197.100 ; 17.470 ;; 21.651 ; 184.930 ; 138.318 ; 4.726 ; 77.080 ; -   ; 148.640 ; 1.036.265 ; 76,0 ; 777 ;
;Limana; 5.209 ; 264.860 ;;; 276.760 ; 22.130 ;; 48.689 ; 213.090 ; 281.003 ; 13.985 ; 116.930 ; 52.430 ; 747.810 ; 2.037.687 ; 55,4 ; 1.172 ;
;Livinallongo del Col di Lana; 1.314 ; 114.594 ; 13.633 ; 82.737 ; 93.806 ; 9.716 ;; 13.838 ; 63.820 ; 76.145 ; 4.502 ; 26.994 ; 19.263 ; 96.490 ; 615.538 ; 75,6 ; 216 ;
;Longarone; 5.359 ; 569.700 ; 74.499 ; 40.360 ; 352.224 ; 53.802 ;; 32.935 ; 385.306 ; 258.155 ; 10.901 ; 110.857 ; 57.920 ; 492.400 ; 2.439.059 ; 69,5 ; 717 ;
;Lorenzago di Cadore; 549 ; 58.760 ; 2.362 ; 2.030 ; 39.224 ; 230 ;; 4.271 ; 43.155 ; 28.986 ; 1.327 ; 12.018 ; -   ; 33.860 ; 226.223 ; 75,7 ; 77 ;
;Lozzo di Cadore; 1.383 ; 122.700 ; 14.447 ; 7.890 ; 88.754 ;;; 9.248 ; 113.768 ; 70.732 ; 2.583 ; 28.581 ; -   ; 64.330 ; 523.033 ; 77,6 ; 169 ;
;Mel; 5.984 ; 238.510 ;;; 264.630 ; 34.250 ;; 35.212 ; 243.030 ; 157.191 ; 15.647 ; 110.110 ; 70.260 ; 783.420 ; 1.952.260 ; 51,2 ; 1.595 ;
;Ospitale di Cadore; 292 ; 18.150 ; 398 ; 1.130 ; 14.109 ; 58 ;; 2.741 ; 20.388 ; 12.981 ; 545 ; 5.220 ; -   ; 13.710 ; 89.430 ; 74,0 ; 111 ;
;Pedavena; 4.453 ; 380.845 ; 42.180 ; 183.607 ; 231.893 ; 84.080 ;; 42.584 ; 67.333 ; 224.078 ; 15.701 ; 71.300 ; 47.840 ; 265.230 ; 1.656.671 ; 80,3 ; 1.037 ;
;Perarolo di Cadore; 380 ; 41.030 ; 7.858 ; 1.190 ; 31.556 ;;; 2.601 ; 40.691 ; 9.792 ; 1.061 ; 6.629 ; -   ; 27.700 ; 170.108 ; 74,7 ; 32 ;
;Pieve d'Alpago; 1.872 ; 185.168 ;;; 145.536 ; 68.742 ;; 13.712 ; 120.369 ; 101.397 ; 4.499 ; 51.237 ; -   ; 180.591 ; 871.251 ; 73,6 ; 422 ;
;Pieve di Cadore; 3.794 ; 428.040 ; 77.755 ; 38.380 ; 276.987 ;;; 26.161 ; 356.145 ; 109.449 ; 9.702 ; 85.363 ; 265.150 ; 319.630 ; 1.992.762 ; 67,0 ; 452 ;
;Ponte nelle Alpi; 8.363 ; 551.430 ; 156.090 ; 122.400 ; 433.100 ; 115.320 ;; 78.577 ; 352.500 ; 345.332 ; 26.337 ; 39.310 ; 93.240 ; 343.100 ; 2.656.736 ; 84,1 ; 1.734 ;
;Puos d'Alpago; 2.483 ; 163.220 ;;; 128.284 ; 60.593 ;; 12.087 ; 106.101 ; 89.378 ; 3.966 ; 45.164 ; -   ; 159.185 ; 767.978 ; 73,6 ; 536 ;
;Quero Vas; 3.338 ; 231.340 ; 19.450 ; 132.967 ; 178.499 ; 61.600 ;; 20.537 ; 62.292 ; 158.091 ; 6.282 ; 85.050 ; 30.910 ; 117.210 ; 1.104.228 ; 83,9 ; 747 ;
;Rivamonte Agordino; 634 ; 55.299 ; 6.579 ; 39.926 ; 45.268 ; 4.688 ;; 6.678 ; 30.798 ; 36.745 ; 2.172 ; 13.026 ; 9.296 ; 46.563 ; 297.038 ; 75,6 ; 226 ;
;Rocca Pietore; 1.256 ; 109.536 ; 13.031 ; 79.085 ; 89.666 ; 9.287 ;; 13.227 ; 61.004 ; 72.785 ; 4.303 ; 25.802 ; 18.412 ; 92.231 ; 588.369 ; 75,6 ; 215 ;
;San Gregorio nelle Alpi; 1.613 ; 97.460 ;; 58.468 ; 62.259 ; 10.130 ;; 8.945 ; 29.475 ; 51.958 ; 5.384 ; 30.780 ; -   ; 38.270 ; 393.129 ; 85,8 ; 460 ;
;San Nicolò di Comelico; 406 ; 17.415 ; 2.579 ;; 32.155 ; 22.839 ;; 1.871 ; 35.261 ; 22.214 ; 496 ; 1.441 ; -   ; 52.273 ; 188.544 ; 68,9 ; 23 ;
;San Pietro di Cadore; 1.624 ; 53.610 ; 29.445 ;; 84.865 ; 70.982 ;; 7.640 ; 85.531 ; 101.114 ; 2.033 ; 6.437 ; -   ; 205.313 ; 646.970 ; 65,6 ; 138 ;
;San Tomaso Agordino; 644 ; 56.159 ; 6.681 ; 40.547 ; 45.971 ; 4.761 ;; 6.782 ; 31.276 ; 37.316 ; 2.206 ; 13.229 ; 9.440 ; 47.287 ; 301.655 ; 75,6 ; 197 ;
;San Vito di Cadore; 1.857 ; 226.300 ; 85.590 ;; 176.840 ; 49.550 ;; 15.295 ; 162.690 ; 50.698 ; 1.377 ; 10.830 ; 2.560 ; 442.020 ; 1.223.750 ; 62,0 ; 137 ;
;Santa Giustina; 6.807 ; 447.405 ; 13.040 ; 267.538 ; 351.234 ; 47.090 ;; 43.696 ; 130.225 ; 185.531 ; 13.819 ; 106.350 ; 40.120 ; 236.280 ; 1.882.328 ; 83,3 ; 1.388 ;
;Santo Stefano di Cadore; 2.609 ; 126.313 ; 60.447 ;; 118.097 ; 98.349 ;; 12.344 ; 121.361 ; 166.619 ; 3.269 ; 10.395 ; 42.180 ; 389.800 ; 1.149.174 ; 60,2 ; 247 ;
;Sappada; 1.317 ; 158.897 ;;; 132.483 ; 85.896 ;; 6.230 ; 93.778 ; 71.381 ; 1.938 ; 17.331 ; -   ; 269.735 ; 837.669 ; 64,7 ; 105 ;
;Sedico; 9.997 ; 572.280 ; 135.820 ;; 487.900 ; 21.010 ;; 60.282 ; 385.190 ; 254.402 ; 16.449 ; 188.360 ; 106.890 ; 1.865.300 ; 4.093.883 ; 47,7 ; 1.951 ;
;Selva di Cadore; 520 ; 45.352 ; 5.395 ; 32.744 ; 37.125 ; 3.845 ;; 5.477 ; 25.258 ; 30.135 ; 1.781 ; 10.683 ; 7.623 ; 38.187 ; 243.605 ; 75,6 ; 122 ;
;Seren del Grappa; 2.448 ; 116.634 ;; 101.182 ; 107.597 ; 42.380 ;; 17.717 ; 28.887 ; 90.623 ; 10.395 ; 49.380 ; 12.240 ; 114.200 ; 691.235 ; 78,7 ; 515 ;
;Sospirolo; 3.140 ; 188.730 ;;; 161.660 ; 8.240 ;; 20.928 ; 140.640 ; 100.808 ; 7.067 ; 111.780 ; -   ; 85.590 ; 825.443 ; 75,6 ; 698 ;
;Soverzene; 389 ; 21.290 ; 4.752 ; 810 ; 13.287 ; 100 ;; 4.842 ; 26.566 ; 16.765 ; 1.022 ; 6.233 ; -   ; 14.210 ; 109.877 ; 76,3 ; 109 ;
;Sovramonte; 1.444 ; 34.630 ;; 60.998 ; 67.500 ; 10.720 ;; 13.726 ; 35.340 ; 72.313 ; 6.386 ; 25.360 ; -   ; 83.040 ; 410.013 ; 75,7 ; 519 ;
;Taibon Agordino; 1.759 ; 153.405 ; 18.250 ; 110.758 ; 125.576 ; 13.006 ;; 18.524 ; 85.435 ; 101.934 ; 6.026 ; 36.136 ; 25.787 ; 129.169 ; 824.006 ; 75,6 ; 458 ;
;Tambre; 1.374 ; 175.671 ;;; 138.071 ; 65.216 ;; 13.008 ; 114.194 ; 96.196 ; 4.269 ; 48.609 ; -   ; 171.328 ; 826.562 ; 73,6 ; 387 ;
;Trichiana; 4.868 ; 165.990 ;;; 273.750 ; 26.570 ;; 27.631 ; 234.110 ; 152.083 ; 9.330 ; 132.480 ; 48.120 ; 375.040 ; 1.445.104 ; 59,9 ; 1.659 ;
;Vallada Agordina; 489 ; 42.655 ; 5.074 ; 30.797 ; 34.916 ; 3.616 ;; 5.151 ; 23.755 ; 28.343 ; 1.677 ; 10.048 ; 7.170 ; 35.916 ; 229.118 ; 75,6 ; 204 ;
;Valle di Cadore; 1.964 ; 139.970 ;;; 94.020 ; 33.920 ;; 15.653 ; 95.690 ; 47.553 ; 936 ; 14.160 ; 114.960 ; 216.120 ; 772.982 ; 54,9 ; 370 ;
;Vigo di Cadore; 1.440 ; 130.180 ; 35.106 ; 5.990 ; 96.771 ; 200 ;; 11.774 ; 138.641 ; 108.352 ; 3.563 ; 38.393 ; 48.800 ; 64.080 ; 681.850 ; 77,4 ; 315 ;
;Vodo Cadore; 853 ; 79.590 ; 39.500 ;; 54.930 ; 20.050 ;; 8.255 ; 54.990 ; 23.854 ; 377 ; 4.780 ; 30.980 ; 164.620 ; 481.926 ; 57,8 ; 109 ;
;Voltago Agordino; 862 ; 75.177 ; 8.943 ; 54.278 ; 61.539 ; 6.374 ;; 9.078 ; 41.868 ; 49.953 ; 2.953 ; 17.708 ; 12.637 ; 63.300 ; 403.808 ; 75,6 ; 314 ;
;Zoldo Alto; 912 ; 106.890 ; 2.560 ; 8.170 ; 63.219 ;;; 5.056 ; 120.399 ; 34.800 ; 2.045 ; 17.727 ; -   ; 86.930 ; 447.796 ; 71,0 ; 322 ;
;Zoppè di Cadore; 229 ; 15.240 ; 85 ;; 7.043 ;;; 1.520 ; 10.747 ; 3.283 ; 384 ; 2.132 ; -   ; 8.660 ; 49.094 ; 73,3 ; 44 ;
BELLUNO Totale;; 206.960 ; 16.351.351 ; 2.089.381 ; 3.854.244 ; 13.266.549 ; 2.261.950 ;; 1.470.922 ; 11.460.473 ; 7.967.859 ; 458.600 ; 3.115.441 ; 3.497.571 ; 18.043.778 ; 83.838.119 ; 71,0 ; 41.127 ;
BRENTA;Asiago; 6.426 ; 362.160 ; 197.700 ; 374.820 ; 472.970 ; 285.340 ;; 37.430 ; -   ; 20.645 ; 5.027 ; 63.020 ; 504.000 ; 2.069.480 ; 4.392.592 ; 46,7 ; 663 ;
;Bassano del Grappa; 43.372 ; 4.303.070 ; 3.463.359 ; 1.808.757 ; 3.038.988 ; 1.427.429 ;; 231.573 ; -   ; 851.920 ; 85.063 ; 613.819 ; 725.560 ; 4.952.320 ; 21.501.858 ; 73,5 ; 1.150 ;
;Borgoricco; 8.755 ; 513.380 ; 387.921 ; 342.012 ; 463.416 ; 7.654 ;; 34.456 ; 348.160 ; 64.407 ; 7.754 ; 46.783 ; 6.300 ; 781.670 ; 3.003.913 ; 70,8 ; 1.209 ;
;Cadoneghe; 16.206 ; 1.521.540 ; 926.739 ; 455.025 ; 777.098 ; 45.388 ;; 65.026 ; 502.720 ; 223.617 ; 13.987 ; 103.269 ; 148.600 ; 1.559.410 ; 6.342.419 ; 71,3 ; 445 ;
;Campo San Martino; 5.752 ; 325.700 ; 167.075 ; 172.822 ; 470.539 ; 2.202 ;; 24.183 ; 191.100 ; 57.441 ; 5.283 ; 44.560 ; 47.840 ; 622.230 ; 2.130.975 ; 66,3 ; 914 ;
;Campodarsego; 14.668 ; 975.430 ; 839.122 ; 516.058 ; 818.234 ; 105.310 ;; 52.869 ; 437.180 ; 113.941 ; 16.543 ; 54.574 ; 101.440 ; 1.379.200 ; 5.409.901 ; 71,5 ; 1.045 ;
;Campodoro; 2.685 ; 144.780 ; 280.230 ; 88.920 ; 88.330 ;;; 6.580 ; 81.180 ; 31.894 ; 1.582 ; 19.280 ; 16.760 ; 160.740 ; 920.276 ; 78,9 ; 236 ;
;Campolongo sul Brenta; 819 ; 67.384 ; 11.140 ; 43.470 ; 44.830 ; 30.193 ;;; -   ; 4.300 ; 763 ; 38.130 ; -   ; 73.039 ; 313.249 ; 68,2 ; 10 ;
;Camposampiero; 12.133 ; 886.380 ; 527.679 ; 416.657 ; 790.362 ; 26.549 ;; 48.608 ; 385.760 ; 198.185 ; 15.972 ; 73.215 ; 135.250 ; 1.755.240 ; 5.259.857 ; 63,1 ; 1.625 ;
;Carmignano di Brenta; 7.621 ; 523.360 ; 320.080 ; 239.840 ; 356.560 ; 3.010 ;; 45.288 ; 197.560 ; 143.050 ; 13.078 ; 219.020 ; 38.320 ; 720.650 ; 2.819.816 ; 65,4 ; 923 ;
;Cartigliano; 3.800 ; 228.420 ; 88.081 ; 95.163 ; 123.662 ; 92.221 ;; 18.057 ; -   ; 63.051 ; 6.687 ; 37.763 ; 28.880 ; 240.240 ; 1.022.225 ; 72,6 ; 382 ;
;Cassola; 14.619 ; 924.290 ; 1.200.870 ; 496.060 ; 608.790 ; 328.170 ;; 83.793 ; -   ; 268.830 ; 33.580 ; 396.990 ; 213.400 ; 1.179.230 ; 5.734.003 ; 72,9 ; 1.087 ;
;Cervarese Santa Croce; 5.742 ; 426.130 ; 437.040 ; 142.990 ; 237.100 ; 6.260 ;; 2.100 ; 152.680 ; 12.420 ; 989 ; 92.730 ; 49.380 ; 588.730 ; 2.148.549 ; 64,3 ; 302 ;
;Cismon del Grappa; 940 ; 79.447 ; 8.200 ; 60.365 ; 62.077 ; 47.323 ;; 6.986 ; 1.538 ; 30.390 ; 2.209 ; 30.926 ; -   ; 85.998 ; 415.459 ; 74,0 ;;
;Cittadella; 20.155 ; 1.452.760 ; 1.666.030 ; 771.560 ; 1.336.210 ; 14.130 ;; 69.266 ; 553.510 ; 446.130 ; 21.295 ; 230.180 ; 284.730 ; 3.002.620 ; 9.848.421 ; 65,1 ; 1.437 ;
;Conco; 2.158 ; 114.600 ; 8.901 ; 87.440 ; 122.369 ; 79.530 ;; 10.699 ; -   ; 41.023 ; 3.530 ; 16.773 ; -   ; 396.060 ; 880.925 ; 53,7 ; 440 ;
;Curtarolo; 7.325 ; 363.880 ; 451.965 ; 241.898 ; 392.451 ; 3.088 ;; 36.835 ; 255.160 ; 82.795 ; 6.145 ; 66.432 ; 36.850 ; 664.730 ; 2.602.229 ; 69,9 ; 891 ;
;Enego; 1.753 ; 69.100 ; 33.900 ; 80.790 ; 94.750 ; 76.650 ;; 5.971 ; -   ; 110 ; 994 ; 10.820 ; 120 ; 427.430 ; 800.635 ; 45,7 ; 345 ;
;Fontaniva; 8.170 ; 482.320 ; 331.100 ; 276.870 ; 322.370 ; 219.150 ;; 36.922 ; -   ; 116.110 ; 13.656 ; 74.790 ; 30.140 ; 952.390 ; 2.855.818 ; 63,6 ; 1.172 ;
;Foza; 715 ; 19.200 ;; 31.160 ; 24.930 ; 22.360 ;; 4.207 ; -   ;; 364 ; 4.930 ; -   ; 144.240 ; 251.391 ; 41,3 ;;
;Galliera Veneta; 7.149 ; 612.230 ; 563.640 ; 257.250 ; 460.780 ; 26.720 ;; 30.508 ; 222.360 ; 196.410 ; 8.519 ; 209.360 ; 64.010 ; 542.560 ; 3.194.347 ; 74,5 ; 616 ;
;Gallio; 2.392 ; 76.360 ;; 95.020 ; 76.700 ; 64.140 ;; 10.730 ; -   ;; 1.009 ; 25.270 ; 75.850 ; 1.241.910 ; 1.666.989 ; 19,9 ;;
;Galzignano Terme; 4.371 ; 307.600 ; 258.920 ; 121.640 ; 197.810 ;;; 14.000 ; 145.860 ;; 3.736 ; 58.910 ; 33.290 ; 316.130 ; 1.457.896 ; 73,0 ; 336 ;
;Gazzo; 4.307 ; 256.920 ; 213.010 ; 113.290 ; 187.680 ; 2.010 ;; 24.240 ; 109.660 ; 104.140 ; 5.752 ; 41.350 ; 23.280 ; 405.330 ; 1.486.662 ; 68,4 ; 466 ;
;Grantorto; 4.666 ; 233.160 ; 171.820 ; 130.480 ; 184.320 ;;; 17.611 ; 129.800 ; 89.360 ; 3.622 ; 70.660 ; 13.510 ; 426.900 ; 1.471.243 ; 64,4 ; 574 ;
;Limena; 7.952 ; 670.980 ; 565.500 ; 256.800 ; 539.580 ; 159.280 ;; 30.378 ; 144.120 ; 104.099 ; 9.786 ; 60.300 ; 106.060 ; 722.900 ; 3.369.783 ; 74,7 ; 754 ;
;Loreggia; 7.568 ; 495.600 ; 373.840 ; 207.720 ; 350.340 ; 7.160 ;; 31.247 ; 265.160 ; 81.573 ; 7.541 ; 64.720 ; 30.940 ; 457.400 ; 2.373.241 ; 75,9 ; 1.022 ;
;Lusiana; 2.660 ; 114.100 ; 10.879 ; 108.850 ; 117.066 ; 88.330 ;; 15.939 ; -   ; 50.137 ; 3.775 ; 26.367 ; -   ; 228.600 ; 764.043 ; 67,7 ; 671 ;
;Marostica; 13.989 ; 788.740 ; 592.970 ; 486.490 ; 614.870 ; 38.630 ; 2.900 ; 65.436 ; 336.640 ; 241.190 ; 16.664 ; 95.500 ; 117.580 ; 1.233.540 ; 4.631.150 ; 70,0 ; 2.383 ;
;Mason Vicentino; 3.503 ; 164.410 ; 182.527 ; 91.110 ; 131.720 ;;; 21.348 ; 150.031 ; 37.704 ; 3.918 ; 94.573 ; 17.657 ; 174.170 ; 1.069.168 ; 73,6 ; 735 ;
;Massanzago; 6.045 ; 323.540 ; 215.980 ; 132.691 ; 254.632 ; 2.067 ;; 23.173 ; 199.540 ; 38.217 ; 5.572 ; 30.857 ; 20.480 ; 482.870 ; 1.729.619 ; 68,3 ; 775 ;
;Mestrino; 11.459 ; 841.180 ; 683.604 ; 327.280 ; 593.973 ; 8.546 ;; 43.785 ; 334.820 ; 163.076 ; 5.421 ; 86.064 ; 74.930 ; 1.060.560 ; 4.223.239 ; 70,9 ; 482 ;
;Molvena; 2.576 ; 114.730 ; 143.762 ; 72.373 ; 88.056 ;;; 17.294 ; 106.895 ; 30.271 ; 3.552 ; 76.914 ; 13.938 ; 153.350 ; 821.135 ; 71,9 ; 596 ;
;Montegrotto Terme; 11.346 ; 1.813.010 ; 558.410 ; 849.067 ; 656.597 ; 6.810 ;; 24.548 ; 448.940 ; 120.564 ; 14.164 ; 131.699 ; 197.190 ; 1.942.950 ; 6.763.949 ; 66,6 ; 579 ;
;Mussolente; 7.654 ; 495.580 ; 210.400 ; 251.620 ; 288.880 ; 245.960 ;; 39.932 ; -   ; 101.350 ; 15.382 ; 108.860 ; 47.760 ; 440.490 ; 2.246.214 ; 76,0 ; 1.068 ;
;Nove; 5.038 ; 181.080 ; 454.995 ; 149.540 ; 212.160 ; 94.805 ; 25.000 ; 30.531 ; -   ; 189.990 ; 12.797 ; 62.900 ; 74.200 ; 283.560 ; 1.771.558 ; 79,6 ; 1.374 ;
;Noventa Padovana; 11.265 ; 990.500 ; 1.162.210 ; 402.910 ; 616.390 ;;; 6.273 ; 293.180 ; 39.340 ; 5.532 ; 11.980 ; 58.050 ; 1.231.180 ; 4.817.545 ; 72,7 ; 61 ;
;Pianezze; 2.155 ; 51.170 ; 125.444 ; 63.358 ; 77.376 ;;; 14.881 ; 89.580 ; 26.491 ; 2.868 ; 65.663 ; 12.854 ; 110.420 ; 640.105 ; 72,2 ;;
;Piazzola sul Brenta; 11.251 ; 756.750 ; 788.360 ; 326.360 ; 531.550 ;;; 27.292 ; 365.340 ; 59.367 ; 6.257 ; 28.462 ; 77.310 ; 1.076.070 ; 4.043.118 ; 70,1 ; 1.616 ;
;Piombino Dese; 9.534 ; 520.860 ; 501.900 ; 264.410 ; 453.720 ; 1.740 ;; 37.524 ; 319.400 ; 224.290 ; 16.675 ; 161.710 ; 36.180 ; 701.180 ; 3.239.589 ; 71,4 ; 1.699 ;
;Pove del Grappa; 3.092 ; 253.925 ; 130.500 ; 31.644 ; 149.968 ; 98.579 ;; 15.499 ; -   ; 44.966 ; 5.634 ; 37.742 ; 31.240 ; 283.967 ; 1.083.664 ; 70,1 ;;
;Pozzoleone; 2.775 ; 45.900 ; 93.080 ; 97.020 ; 123.840 ; 42.710 ;; 15.100 ; -   ; 66.183 ; 5.005 ; 46.000 ; 1.180 ; 281.160 ; 817.178 ; 61,6 ; 715 ;
;Roana; 4.316 ; 415.620 ; 389.260 ; 204.290 ; 261.760 ; 239.660 ;; 22.458 ; -   ;; 2.329 ; 39.820 ; 427.460 ; 809.270 ; 2.811.927 ; 63,4 ;;
;Romano d'Ezzelino; 14.470 ; 1.168.858 ; 721.900 ; 436.316 ; 621.592 ; 298.744 ;; 87.663 ; -   ; 312.370 ; 25.604 ; 271.629 ; 125.400 ; 1.429.797 ; 5.499.873 ; 69,5 ; 473 ;
;Rosà; 14.417 ; 845.440 ; 1.687.240 ; 507.820 ; 721.850 ; 405.510 ;; 67.980 ; -   ; 240.590 ; 25.959 ; 186.770 ; 116.620 ; 1.385.950 ; 6.191.729 ; 74,7 ; 1.948 ;
;Rossano Veneto; 8.091 ; 552.420 ; 345.320 ; 249.680 ; 368.530 ; 217.790 ;; 26.264 ; -   ; 79.860 ; 9.904 ; 96.190 ; 66.080 ; 520.980 ; 2.533.018 ; 75,6 ; 686 ;
;Rotzo; 654 ; 31.800 ; 50.180 ; 30.670 ; 31.340 ; 32.310 ;; 3.910 ; -   ;; 372 ; 5.410 ; -   ; 86.190 ; 272.182 ; 66,9 ;;
;Rovolon; 4.967 ; 393.950 ; 223.960 ; 160.450 ; 271.980 ;;; 9.557 ; 173.720 ; 17.700 ; 3.134 ; 30.660 ; 6.600 ; 430.140 ; 1.721.851 ; 72,2 ;;
;Rubano; 16.225 ; 1.342.280 ; 403.525 ; 528.070 ; 851.424 ; 136.524 ;; 46.646 ; 487.060 ; 202.937 ; 11.941 ; 100.375 ; 178.870 ; 2.034.320 ; 6.323.972 ; 63,8 ; 1.333 ;
;Saccolongo; 4.940 ; 366.910 ; 417.610 ; 157.700 ; 202.872 ; 729 ;; 19.427 ; 125.360 ; 39.726 ; 3.206 ; 37.831 ; 22.760 ; 472.400 ; 1.866.531 ; 70,1 ;;
;San Giorgio delle Pertiche; 10.214 ; 677.860 ; 339.080 ; 293.320 ; 544.650 ; 2.200 ;; 34.616 ; 348.060 ; 173.803 ; 11.229 ; 76.352 ; 45.460 ; 841.210 ; 3.387.840 ; 70,8 ; 1.208 ;
;San Giorgio in Bosco; 6.327 ; 300.630 ; 283.240 ; 192.360 ; 346.270 ;;; 15.536 ; 240.670 ; 6.545 ; 4.947 ; 9.504 ; -   ; 478.810 ; 1.878.512 ; 72,3 ; 1.061 ;
;San Martino di Lupari; 13.177 ; 948.600 ; 763.440 ; 466.950 ; 658.240 ; 12.880 ;; 54.586 ; 457.880 ; 278.628 ; 14.444 ; 119.120 ; 100.860 ; 1.334.900 ; 5.210.528 ; 70,0 ; 901 ;
;San Nazario; 1.705 ; 146.794 ; 21.420 ; 80.567 ; 79.689 ; 62.722 ;; 8.407 ; -   ; 39.522 ; 2.236 ; 22.042 ; -   ; 189.197 ; 652.596 ; 68,6 ;;
;San Pietro in Gu; 4.523 ; 304.700 ; 210.560 ; 134.800 ; 216.990 ; 122.230 ;; 18.520 ; -   ; 62.200 ; 5.098 ; 94.110 ; 5.500 ; 358.320 ; 1.533.028 ; 70,4 ; 698 ;
;Santa Giustina in Colle; 7.219 ; 269.040 ; 158.962 ; 226.718 ; 352.782 ; 3.837 ;; 26.933 ; 245.750 ; 84.147 ; 7.708 ; 63.604 ; 14.640 ; 457.830 ; 1.911.951 ; 70,6 ; 1.468 ;
;Saonara; 10.265 ; 852.080 ; 755.390 ; 305.740 ; 562.790 ;;; 35.742 ; 284.700 ; 106.442 ; 15.578 ; 143.830 ; 43.490 ; 950.460 ; 4.056.242 ; 71,4 ; 360 ;
;Schiavon; 2.627 ; 153.160 ; 293.760 ; 104.880 ; 121.540 ; 64.790 ;; 12.310 ; -   ; 94.269 ; 3.777 ; 26.700 ; -   ; 305.540 ; 1.180.726 ; 72,5 ; 438 ;
;Selvazzano Dentro; 22.929 ; 1.735.830 ; 1.962.080 ; 702.810 ; 1.110.010 ;;; 54.850 ; 582.420 ; 68.658 ; 8.425 ; 582.078 ; 373.080 ; 2.619.303 ; 9.799.544 ; 63,7 ; 179 ;
;Solagna; 1.936 ; 164.323 ; 63.620 ; 120.843 ; 125.431 ; 86.016 ;; 11.428 ; -   ; 63.350 ; 3.471 ; 39.405 ; 20.640 ; 211.836 ; 910.363 ; 72,7 ; 73 ;
;Teolo; 9.065 ; 853.210 ; 848.840 ; 296.840 ; 436.400 ; 5.720 ;; 82.363 ; 273.940 ; 109.199 ; 12.268 ; 87.370 ; 37.100 ; 752.412 ; 3.795.662 ; 76,4 ; 476 ;
;Tezze sul Brenta; 12.826 ; 810.280 ; 1.196.240 ; 388.800 ; 585.900 ; 375.810 ;; 45.960 ; -   ; 120.530 ; 14.076 ; 283.680 ; 100.660 ; 968.940 ; 4.890.876 ; 75,2 ; 1.053 ;
;Tombolo; 8.352 ; 578.680 ; 458.480 ; 255.030 ; 293.320 ; 33.480 ; 2.080 ; 13.639 ; 206.380 ; 74.610 ; 7.257 ; 167.510 ; 90.560 ; 826.860 ; 3.007.886 ; 64,6 ; 477 ;
;Torreglia; 6.162 ; 596.300 ; 251.489 ; 176.493 ; 272.463 ;;; 14.307 ; 189.860 ; 113.741 ; 6.231 ; 63.862 ; 37.690 ; 430.140 ; 2.152.576 ; 75,0 ; 617 ;
;Trebaseleghe; 12.780 ; 728.220 ; 588.380 ; 368.140 ; 568.710 ; 56.660 ;; 56.115 ; 356.870 ; 111.870 ; 12.107 ; 81.240 ; 86.870 ; 1.384.880 ; 4.400.062 ; 64,6 ; 1.698 ;
;Valstagna; 1.855 ; 149.073 ; 19.970 ; 65.190 ; 69.280 ; 48.293 ;; 18.906 ; -   ; 59.261 ; 3.283 ; 41.127 ; 7.880 ; 161.594 ; 643.857 ; 69,9 ;;
;Veggiano; 4.694 ; 281.870 ; 277.480 ; 131.910 ; 239.180 ;;; 3.997 ; 142.940 ; 18.890 ; 1.837 ; 30.900 ; 18.260 ; 491.780 ; 1.639.044 ; 66,2 ; 238 ;
;Vigodarzere; 13.014 ; 800.710 ; 882.469 ; 362.366 ; 544.938 ; 9.798 ;; 44.706 ; 356.480 ; 116.058 ; 12.301 ; 83.383 ; 87.290 ; 749.130 ; 4.049.629 ; 77,4 ; 900 ;
;Vigonza; 22.748 ; 1.725.790 ; 1.905.520 ; 723.360 ; 1.245.830 ; 12.990 ;; 102.287 ; 686.440 ; 262.800 ; 20.452 ; 142.441 ; 179.080 ; 2.772.350 ; 9.779.340 ; 68,4 ; 1.470 ;
;Villa del Conte; 5.521 ; 232.060 ; 133.198 ; 178.262 ; 252.958 ; 2.203 ;; 19.445 ; 189.840 ; 51.473 ; 7.049 ; 35.625 ; -   ; 450.880 ; 1.552.993 ; 66,9 ; 1.007 ;
;Villafranca Padovana; 10.217 ; 634.020 ; 956.680 ; 255.230 ; 442.020 ;;; 32.687 ; 300.160 ; 107.587 ; 11.664 ; 191.230 ; 32.590 ; 735.000 ; 3.698.868 ; 73,5 ; 740 ;
;Villanova di Camposampiero; 6.144 ; 362.000 ; 89.040 ; 168.130 ; 259.390 ; 11.010 ;; 24.937 ; 185.400 ; 45.300 ; 6.632 ; 32.451 ; 21.490 ; 474.680 ; 1.680.460 ; 67,8 ; 607 ;
BRENTA Totale;; 588.941 ; 42.314.164 ; 36.047.216 ; 19.853.335 ; 30.214.173 ; 5.951.350 ; 29.980 ; 2.394.300 ; 12.601.804 ; 7.841.043 ; 692.201 ; 7.020.114 ; 5.741.989 ; 60.667.943 ; 231.369.612 ; 69,1 ; 50.907 ;
DESTRA PIAVE;Altivole; 6.911 ; 434.793 ; 240.203 ; 247.005 ; 285.799 ; 12.135 ;; 48.963 ; 239.995 ; 105.724 ; 11.026 ; 93.250 ; 37.946 ; 235.145 ; 1.991.984 ; 83,0 ; 753 ;
;Arcade; 4.470 ; 268.251 ; 350.565 ; 21.200 ; 220.411 ; 28.630 ;; 45.328 ; 253.571 ; 149.241 ; 6.926 ; 100.550 ; 23.951 ; 147.360 ; 1.615.984 ; 85,3 ; 586 ;
;Asolo; 9.128 ; 707.115 ; 231.893 ; 285.910 ; 419.087 ; 12.048 ;; 49.452 ; 381.329 ; 131.007 ; 11.564 ; 81.405 ; 55.167 ; 295.603 ; 2.661.580 ; 84,2 ; 859 ;
;Borso del Grappa; 5.924 ; 410.911 ; 245.387 ; 214.160 ; 227.405 ; 9.367 ;; 45.368 ; 216.796 ; 138.357 ; 12.213 ; 101.865 ; 37.879 ; 188.939 ; 1.848.647 ; 84,2 ; 756 ;
;Breda di Piave; 7.851 ; 453.313 ; 474.600 ; 21.200 ; 335.367 ; 44.948 ;; 56.312 ; 465.238 ; 283.303 ; 10.814 ; 124.385 ; 42.487 ; 238.498 ; 2.550.465 ; 85,2 ; 1.121 ;
;Caerano di San Marco; 8.017 ; 704.377 ; 347.878 ; 250.480 ; 379.147 ; 15.764 ;; 47.939 ; 246.671 ; 144.561 ; 12.301 ; 93.580 ; 44.971 ; 230.015 ; 2.517.684 ; 86,6 ; 534 ;
;Carbonera; 11.189 ; 699.809 ; 793.832 ; 19.300 ; 491.073 ; 53.995 ;; 53.441 ; 637.450 ; 408.864 ; 14.930 ; 136.520 ; 60.398 ; 367.110 ; 3.736.722 ; 85,3 ; 1.254 ;
;Casale sul Sile; 13.018 ; 990.384 ; 792.980 ; 26.880 ; 593.935 ; 54.008 ;; 63.333 ; 728.281 ; 358.560 ; 17.081 ; 139.390 ; 73.901 ; 547.969 ; 4.386.702 ; 83,1 ; 767 ;
;Casier; 11.341 ; 942.253 ; 753.407 ; 29.980 ; 580.093 ; 67.567 ;; 76.578 ; 633.284 ; 362.105 ; 15.564 ; 199.175 ; 59.321 ; 482.160 ; 4.201.487 ; 83,6 ; 581 ;
;Castelcucco; 2.215 ; 148.616 ; 151.452 ; 66.070 ; 91.922 ; 6.886 ;; 21.420 ; 67.840 ; 67.628 ; 3.757 ; 34.495 ; 13.156 ; 39.564 ; 712.806 ; 89,6 ; 259 ;
;Castelfranco Veneto; 33.234 ; 3.198.695 ; 2.116.235 ; 1.067.595 ; 1.812.567 ; 48.849 ;; 256.985 ; 1.527.129 ; 815.712 ; 47.007 ; 381.035 ; 417.424 ; 1.904.356 ; 13.593.589 ; 81,6 ; 1.786 ;
;Castello di Godego; 7.177 ; 515.544 ; 189.933 ; 232.975 ; 318.144 ; 12.917 ;; 37.512 ; 238.065 ; 206.107 ; 14.408 ; 126.950 ; 42.269 ; 250.551 ; 2.185.375 ; 83,0 ; 946 ;
;Cavaso del Tomba; 2.960 ; 190.091 ; 69.716 ; 105.440 ; 104.248 ; 6.188 ;; 18.053 ; 111.058 ; 67.732 ; 3.605 ; 29.900 ; 16.785 ; 194.238 ; 917.054 ; 74,3 ; 469 ;
;Cornuda; 6.267 ; 622.157 ; 329.984 ; 226.680 ; 320.350 ; 13.012 ;; 39.173 ; 208.504 ; 154.198 ; 7.863 ; 73.010 ; 44.187 ; 254.390 ; 2.293.508 ; 84,9 ; 549 ;
;Crespano del Grappa; 4.520 ; 384.732 ; 195.850 ; 140.430 ; 210.636 ; 9.138 ;; 41.679 ; 120.445 ; 184.316 ; 6.334 ; 70.520 ; 32.158 ; 188.759 ; 1.584.997 ; 83,8 ; 425 ;
;Crocetta del Montello; 6.080 ; 435.381 ; 207.798 ; 210.460 ; 265.814 ; 7.890 ;; 35.936 ; 200.529 ; 141.399 ; 7.702 ; 71.595 ; 38.184 ; 265.644 ; 1.888.332 ; 81,3 ; 715 ;
;Fonte; 5.923 ; 450.143 ; 277.817 ; 195.640 ; 248.774 ; 12.239 ;; 34.821 ; 202.508 ; 115.710 ; 7.725 ; 66.855 ; 37.324 ; 193.503 ; 1.843.059 ; 84,9 ; 565 ;
;Giavera del Montello; 5.142 ; 292.254 ; 202.762 ; 9.580 ; 230.844 ; 27.406 ;; 22.450 ; 330.356 ; 132.858 ; 8.488 ; 59.431 ; 29.052 ; 191.283 ; 1.536.764 ; 82,3 ; 755 ;
;Istrana; 9.299 ; 615.865 ; 388.595 ; 290.390 ; 391.587 ; 16.175 ;; 48.993 ; 276.298 ; 175.141 ; 9.966 ; 123.250 ; 52.363 ; 301.621 ; 2.690.244 ; 83,9 ; 950 ;
;Loria; 9.310 ; 583.606 ; 182.165 ; 289.655 ; 345.883 ; 12.724 ;; 41.133 ; 316.063 ; 155.321 ; 11.126 ; 105.235 ; 61.623 ; 269.290 ; 2.373.824 ; 83,0 ; 1.139 ;
;Maser; 5.070 ; 364.840 ; 334.332 ; 154.300 ; 190.696 ; 10.047 ;; 33.451 ; 153.612 ; 131.275 ; 10.886 ; 69.005 ; 31.057 ; 166.743 ; 1.650.244 ; 85,4 ; 727 ;
;Maserada sul Piave; 9.380 ; 625.278 ; 559.311 ; 22.940 ; 368.823 ; 31.153 ;; 47.310 ; 609.559 ; 250.574 ; 11.595 ; 66.180 ; 54.640 ; 366.416 ; 3.013.779 ; 83,6 ; 1.096 ;
;Monastier di Treviso; 4.276 ; 442.974 ; 403.231 ; 31.930 ; 222.104 ; 37.194 ;; 42.957 ; 279.895 ; 198.706 ; 8.602 ; 64.200 ; 22.740 ; 280.433 ; 2.034.966 ; 82,6 ; 395 ;
;Monfumo; 1.398 ; 101.688 ; 21.593 ; 53.300 ; 64.904 ; 2.525 ;; 12.244 ; 40.303 ; 34.825 ; 2.157 ; 17.095 ; 3.917 ; 42.151 ; 396.702 ; 85,1 ; 294 ;
;Montebelluna; 31.228 ; 2.615.033 ; 1.921.348 ; 952.055 ; 1.684.250 ; 49.221 ;; 185.654 ; 1.197.176 ; 680.973 ; 43.628 ; 401.355 ; 386.998 ; 1.452.840 ; 11.570.531 ; 82,7 ; 2.179 ;
;Morgano; 4.487 ; 263.565 ; 293.344 ; 17.710 ; 212.695 ; 31.069 ;; 35.242 ; 256.135 ; 152.990 ; 7.416 ; 78.430 ; 26.742 ; 136.379 ; 1.511.717 ; 85,7 ; 673 ;
;Nervesa della Battaglia; 6.789 ; 379.374 ; 286.065 ; 34.620 ; 304.806 ; 39.329 ;; 49.023 ; 485.475 ; 177.833 ; 9.898 ; 104.190 ; 65.918 ; 273.984 ; 2.210.515 ; 81,4 ; 1.363 ;
;Paderno del Grappa; 2.192 ; 175.316 ; 78.533 ; 94.355 ; 157.681 ; 3.138 ;; 17.608 ; 59.028 ; 57.016 ; 2.756 ; 35.225 ; 16.479 ; 72.881 ; 770.016 ; 86,0 ; 287 ;
;Paese; 21.969 ; 1.568.630 ; 1.480.962 ; 31.400 ; 973.472 ; 78.135 ;; 84.956 ; 1.323.035 ; 445.601 ; 25.148 ; 188.235 ; 137.564 ; 854.724 ; 7.191.862 ; 83,6 ; 1.701 ;
;Pederobba; 7.451 ; 690.574 ; 363.170 ; 217.275 ; 325.002 ; 14.275 ;; 56.411 ; 222.785 ; 187.869 ; 9.673 ; 138.050 ; 43.922 ; 373.230 ; 2.642.236 ; 81,1 ; 934 ;
;Ponzano Veneto; 12.540 ; 862.394 ; 774.251 ; 23.680 ; 527.602 ; 47.476 ;; 66.487 ; 745.919 ; 285.174 ; 13.795 ; 132.400 ; 68.041 ; 498.366 ; 4.045.585 ; 83,0 ; 1.258 ;
;Possagno; 2.177 ; 152.630 ; 90.996 ; 97.005 ; 106.301 ; 3.663 ;; 17.110 ; 88.613 ; 42.897 ; 3.419 ; 25.990 ; 11.879 ; 80.529 ; 721.032 ; 84,2 ; 275 ;
;Povegliano; 5.251 ; 277.501 ; 244.946 ; 12.500 ; 226.108 ; 23.859 ;; 29.290 ; 339.411 ; 149.271 ; 8.536 ; 56.339 ; 30.070 ; 167.216 ; 1.565.047 ; 83,8 ; 747 ;
;Preganziol; 16.749 ; 1.422.390 ; 1.132.428 ; 20.550 ; 808.547 ; 49.087 ;; 70.453 ; 1.035.336 ; 344.397 ; 21.617 ; 149.860 ; 101.034 ; 610.257 ; 5.765.956 ; 85,0 ; 914 ;
;Quinto di Treviso; 9.844 ; 791.128 ; 644.440 ; 16.980 ; 512.228 ; 49.781 ;; 71.035 ; 630.517 ; 299.882 ; 13.305 ; 142.645 ; 67.165 ; 391.881 ; 3.630.987 ; 84,4 ; 938 ;
;Resana; 9.522 ; 694.060 ; 168.959 ; 304.550 ; 354.742 ; 13.955 ;; 56.270 ; 303.443 ; 211.153 ; 12.369 ; 116.120 ; 55.837 ; 306.651 ; 2.598.109 ; 83,0 ; 1.159 ;
;Riese Pio X; 11.067 ; 773.201 ; 319.810 ; 358.675 ; 413.053 ; 20.110 ;; 52.595 ; 347.329 ; 225.619 ; 13.589 ; 111.310 ; 87.496 ; 355.756 ; 3.078.543 ; 83,5 ; 1.104 ;
;Roncade; 14.369 ; 978.954 ; 1.010.852 ; 30.550 ; 739.685 ; 41.209 ;; 63.219 ; 846.845 ; 483.195 ; 16.380 ; 143.605 ; 77.676 ; 548.436 ; 4.980.606 ; 85,4 ; 1.792 ;
;San Biagio di Callalta; 12.950 ; 929.651 ; 902.348 ; 26.400 ; 608.701 ; 77.398 ;; 67.203 ; 771.372 ; 484.141 ; 16.837 ; 175.020 ; 72.371 ; 437.541 ; 4.568.983 ; 86,2 ; 1.371 ;
;San Zenone degli Ezzelini; 7.437 ; 491.314 ; 253.440 ; 222.895 ; 278.835 ; 12.754 ;; 51.452 ; 195.129 ; 138.544 ; 11.936 ; 90.170 ; 42.156 ; 201.775 ; 1.990.400 ; 85,0 ; 692 ;
;Silea; 10.171 ; 971.977 ; 681.753 ; 21.160 ; 719.630 ; 55.227 ;; 49.442 ; 683.342 ; 316.804 ; 14.154 ; 119.420 ; 67.008 ; 753.228 ; 4.453.145 ; 79,3 ; 817 ;
;Spresiano; 12.176 ; 1.000.106 ; 853.251 ; 19.720 ; 549.314 ; 47.112 ;; 63.749 ; 745.714 ; 319.100 ; 15.550 ; 119.870 ; 97.834 ; 552.085 ; 4.383.405 ; 82,7 ; 1.030 ;
;Susegana; 11.835 ; 990.384 ; 874.769 ; 34.620 ; 709.390 ; 85.655 ;; 60.563 ; 752.088 ; 353.985 ; 17.127 ; 159.705 ; 68.632 ; 619.366 ; 4.726.284 ; 83,3 ; 1.392 ;
;Trevignano; 10.761 ; 671.282 ; 442.742 ; 333.280 ; 388.635 ; 10.184 ;; 48.974 ; 338.405 ; 142.048 ; 15.215 ; 101.740 ; 61.837 ; 311.299 ; 2.865.641 ; 84,4 ; 1.267 ;
;Treviso; 83.731 ; 9.913.427 ; 4.421.297 ; 235.000 ; 5.970.790 ; 190.043 ;; 320.734 ; 6.356.433 ; 1.596.664 ; 97.702 ; 652.750 ; 972.336 ; 4.760.372 ; 35.487.548 ; 82,0 ; 1.524 ;
;Vedelago; 16.874 ; 1.398.610 ; 515.588 ; 502.280 ; 566.458 ; 11.955 ; 18.540 ; 64.673 ; 529.064 ; 259.229 ; 17.955 ; 126.745 ; 99.846 ; 561.345 ; 4.672.288 ; 83,7 ; 2.018 ;
;Villorba; 18.056 ; 1.532.986 ; 1.368.951 ; 52.720 ; 1.113.062 ; 85.251 ; 16.220 ; 151.246 ; 1.149.126 ; 604.287 ; 27.501 ; 205.060 ; 103.603 ; 1.071.147 ; 7.481.160 ; 82,0 ; 2.043 ;
;Volpago del Montello; 10.151 ; 515.287 ; 614.157 ; 28.040 ; 423.746 ; 59.847 ;; 56.225 ; 664.071 ; 246.048 ; 13.442 ; 136.545 ; 62.580 ; 406.351 ; 3.226.339 ; 82,2 ; 1.791 ;
;Zenson di Piave; 1.805 ; 118.422 ; 167.061 ; 4.520 ; 82.378 ; 14.371 ;; 16.971 ; 112.800 ; 63.468 ; 2.502 ; 30.440 ; 9.280 ; 50.044 ; 672.257 ; 88,1 ; 219 ;
;Zero Branco; 11.261 ; 643.834 ; 515.560 ; 16.190 ; 450.987 ; 76.776 ;; 53.625 ; 659.930 ; 271.011 ; 15.425 ; 119.495 ; 85.456 ; 440.545 ; 3.348.834 ; 81,6 ; 1.377 ;
DESTRA PIAVE Totale;; 552.943 ; 45.405.100 ; 30.282.540 ; 7.922.230 ; 27.927.711 ; 1.743.685 ; 34.760 ; 3.081.041 ; 29.323.300 ; 13.452.423 ; 740.515 ; 6.289.590 ; 4.252.660 ; 23.929.969 ; 194.385.524 ; 83,1 ; 49.146 ;
PADOVA CENTRO;Abano Terme; 19.950 ; 2.969.790 ; 1.876.990 ; 537.650 ; 1.307.880 ;;; 43.112 ; 1.356.960 ; 102.829 ; 9.440 ; 144.790 ; 101.070 ; 5.508.090 ; 13.958.601 ; 56,9 ; 171 ;
;Albignasego; 25.577 ; 2.092.750 ; 1.764.040 ; 839.800 ; 1.397.488 ; 9.310 ;; 141.352 ; 796.040 ; 313.913 ; 31.134 ; 191.430 ; 357.840 ; 2.109.690 ; 10.044.787 ; 71,6 ; 772 ;
;Casalserugo; 5.348 ; 403.410 ; 326.760 ; 162.500 ; 258.800 ;;;; 152.520 ;; 822 ; 9.520 ; 93.860 ; 443.610 ; 1.851.802 ; 68,6 ; 260 ;
;Padova; 210.401 ; 19.210.522 ; 6.116.545 ; 2.145.150 ; 15.999.600 ; 8.590 ; 8.840 ; 720.506 ; 13.979.250 ; 3.748.534 ; 190.440 ; 2.361.310 ; 1.130.302 ; 55.575.590 ; 121.195.179 ; 49,5 ; 771 ;
;Ponte San Nicolò; 13.529 ; 1.164.040 ; 756.130 ; 399.640 ; 813.570 ;;; 29.572 ; 389.480 ; 211.161 ; 15.696 ; 156.670 ; 39.250 ; 1.196.660 ; 5.171.869 ; 72,3 ; 479 ;
PADOVA CENTRO Totale;; 274.805 ; 25.840.512 ; 10.840.465 ; 4.084.740 ; 19.777.338 ; 17.900 ; 8.840 ; 934.542 ; 16.674.250 ; 4.376.437 ; 247.532 ; 2.863.720 ; 1.722.322 ; 64.833.640 ; 152.222.238 ; 52,7 ; 2.453 ;
PADOVA SUD;Agna; 3.368 ; 210.530 ; 182.180 ; 112.130 ; 177.780 ;;; 6.695 ; 122.980 ; 44.452 ; 3.487 ; 52.880 ; 16.070 ; 297.830 ; 1.227.014 ; 69,0 ; 372 ;
;Anguillara Veneta; 4.451 ; 211.840 ; 236.540 ; 136.560 ; 151.560 ;;; 27.850 ; 157.720 ; 54.396 ; 5.816 ; 66.160 ; 2.370 ; 422.270 ; 1.473.082 ; 65,4 ; 629 ;
;Arquà Petrarca; 1.874 ; 122.040 ; 90.320 ; 93.260 ; 67.820 ;;; 3.287 ; 62.060 ; 2.300 ; 437 ; 8.210 ; -   ; 199.180 ; 648.914 ; 66,1 ; 337 ;
;Arre; 2.152 ; 120.700 ; 145.890 ; 84.770 ; 145.510 ;;; 6.090 ; 92.610 ; 69.344 ; 669 ; 56.050 ; 38.780 ; 234.620 ; 995.033 ; 66,3 ; 320 ;
;Arzergrande; 4.767 ; 253.410 ; 295.160 ; 146.360 ; 264.240 ;;; 16.828 ; 183.380 ; 11.250 ; 4.093 ; 50.400 ; 9.380 ; 358.360 ; 1.592.861 ; 71,9 ; 647 ;
;Bagnoli di Sopra; 3.618 ; 235.850 ; 327.140 ; 121.900 ; 171.440 ;;; 12.182 ; 133.300 ; 9.137 ; 790 ; 125.320 ; 29.500 ; 289.390 ; 1.455.949 ; 69,8 ; 442 ;
;Baone; 3.110 ; 224.440 ; 427.700 ; 120.320 ; 109.720 ;;; 5.560 ; 86.380 ; 4.072 ; 1.287 ; 25.340 ; 4.520 ; 257.680 ; 1.267.019 ; 76,3 ; 141 ;
;Barbona; 671 ; 38.060 ; 17.800 ; 31.910 ; 18.300 ; 15.600 ;; 710 ; -   ; 2.061 ; 766 ; 6.400 ; -   ; 48.200 ; 179.807 ; 69,6 ;;
;Battaglia Terme; 3.881 ; 376.690 ; 404.580 ; 133.360 ; 210.220 ;;; 22.175 ; 110.080 ; 69.272 ; 4.758 ; 100.360 ; 39.200 ; 216.420 ; 1.687.115 ; 79,1 ; 202 ;
;Boara Pisani; 2.555 ; 269.260 ; 313.580 ; 83.520 ; 94.220 ;;; 3.196 ; 86.640 ; 8.286 ; 559 ; 4.900 ; -   ; 232.860 ; 1.097.021 ; 76,6 ; 18 ;
;Bovolenta; 3.482 ; 142.990 ; 177.576 ; 113.330 ; 197.010 ;;; 23.000 ; 115.580 ; 175.872 ; 14.701 ; 92.280 ; 8.980 ; 272.390 ; 1.333.709 ; 72,0 ; 582 ;
;Brugine; 7.034 ; 436.030 ; 295.876 ; 196.720 ; 408.180 ;;; 24.644 ; 254.880 ; 88.720 ; 6.957 ; 36.720 ; 22.960 ; 548.870 ; 2.320.557 ; 71,6 ; 939 ;
;Candiana; 2.394 ; 110.530 ; 145.920 ; 68.510 ; 98.130 ;;; 15.357 ; 83.140 ; 26.797 ; 1.973 ; 39.100 ; -   ; 159.900 ; 749.357 ; 72,3 ; 516 ;
;Carceri; 1.580 ; 81.280 ; 143.053 ; 41.460 ; 54.470 ;;; 1.777 ; 49.140 ; 3.937 ; 508 ; 24.088 ; -   ; 83.320 ; 483.033 ; 76,8 ; 238 ;
;Cartura; 4.665 ; 263.970 ; 414.580 ; 160.960 ; 238.920 ;;; 4.174 ; 150.080 ; 5.847 ; 1.288 ; 37.690 ; 25.080 ; 470.110 ; 1.772.699 ; 68,5 ; 438 ;
;Casale di Scodosia; 4.859 ; 260.580 ; 232.704 ; 103.100 ; 273.180 ;;; 5.567 ; 176.760 ; 165.767 ; 6.769 ; 81.632 ; 76.980 ; 376.410 ; 1.759.449 ; 68,6 ; 488 ;
;Castelbaldo; 1.552 ; 107.640 ; 160.648 ; 66.460 ; 64.670 ;;; 3.007 ; 57.220 ; 4.602 ; 434 ; 74.867 ; 17.780 ; 100.780 ; 658.108 ; 71,9 ; 217 ;
;Cinto Euganeo; 2.025 ; 137.820 ; 64.720 ; 86.680 ; 61.420 ;;; 3.216 ; 59.890 ; 2.187 ; 1.094 ; 11.460 ; -   ; 206.040 ; 634.527 ; 64,0 ; 464 ;
;Codevigo; 6.440 ; 511.320 ; 546.180 ; 207.540 ; 347.820 ;;; 15.613 ; 272.200 ; 75.280 ; 7.632 ; 73.900 ; 13.670 ; 500.920 ; 2.572.075 ; 75,1 ; 837 ;
;Conselve; 10.302 ; 949.160 ; 682.539 ; 364.700 ; 683.300 ;;; 42.637 ; 428.720 ; 491.268 ; 15.946 ; 370.970 ; 99.930 ; 1.238.090 ; 5.367.260 ; 68,3 ; 1.006 ;
;Correzzola; 5.298 ; 329.860 ; 323.220 ; 163.440 ; 209.340 ;;; 9.023 ; 198.400 ; 9.012 ; 1.391 ; 27.580 ; -   ; 296.740 ; 1.568.006 ; 76,8 ; 676 ;
;Due Carrare; 9.050 ; 683.390 ; 741.470 ; 316.500 ; 572.390 ;;; 51.356 ; 371.450 ; 360.578 ; 19.156 ; 336.880 ; 36.950 ; 1.123.950 ; 4.614.070 ; 67,8 ; 1.024 ;
;Este; 16.562 ; 1.456.520 ; 1.874.668 ; 592.220 ; 1.083.890 ;;; 110.528 ; 517.210 ; 356.649 ; 23.757 ; 325.974 ; 316.890 ; 2.202.340 ; 8.860.646 ; 67,6 ; 786 ;
;Granze; 2.041 ; 161.220 ; 167.080 ; 48.730 ; 72.900 ;;; 2.487 ; 61.960 ; 8.837 ; 589 ; 2.115 ; 3.140 ; 154.580 ; 683.638 ; 74,5 ; 158 ;
;Legnaro; 8.797 ; 815.450 ; 952.074 ; 278.480 ; 456.951 ;;; 25.155 ; 295.980 ; 22.702 ; 3.567 ; 39.880 ; 15.470 ; 839.710 ; 3.745.419 ; 74,5 ; 787 ;
;Lozzo Atestino; 3.158 ; 163.120 ; 157.720 ; 122.720 ; 141.520 ;;; 2.693 ; 106.900 ; 45.547 ; 1.522 ; 18.340 ; 12.960 ; 341.780 ; 1.114.822 ; 64,7 ; 578 ;
;Maserà di Padova; 9.081 ; 557.050 ; 473.300 ; 227.480 ; 407.260 ;;; 51.351 ; 220.420 ; 50.600 ; 2.218 ; 35.720 ; 39.520 ; 1.012.010 ; 3.076.929 ; 63,2 ; 594 ;
;Masi; 1.805 ; 117.660 ; 135.668 ; 55.900 ; 67.310 ;;; 1.854 ; 55.760 ; 5.034 ; 425 ; 46.916 ; 7.500 ; 95.150 ; 589.177 ; 74,7 ; 271 ;
;Megliadino San Fidenzio; 1.939 ; 162.790 ; 223.168 ; 73.780 ; 222.150 ;;; 1.854 ; 66.860 ; 10.682 ; 494 ; 51.063 ; -   ; 315.450 ; 1.128.291 ; 67,5 ; 273 ;
;Megliadino San Vitale; 1.959 ; 127.820 ; 135.608 ; 68.920 ; 64.080 ;;; 1.854 ; 54.100 ; 5.172 ; 540 ; 51.062 ; -   ; 104.070 ; 613.226 ; 75,1 ; 296 ;
;Merlara; 2.691 ; 150.160 ; 149.132 ; 107.800 ; 177.200 ;;; 9.026 ; 94.200 ; 145.432 ; 7.244 ; 77.634 ; 29.620 ; 192.700 ; 1.140.148 ; 73,8 ; 491 ;
;Monselice; 17.617 ; 1.657.630 ; 2.228.300 ; 838.290 ; 1.179.100 ;;; 109.390 ; 665.740 ; 335.463 ; 31.860 ; 309.220 ; 193.660 ; 2.621.460 ; 10.170.113 ; 68,6 ; 895 ;
;Montagnana; 9.214 ; 710.500 ; 743.960 ; 384.860 ; 567.500 ;;; 53.601 ; 387.670 ; 161.862 ; 4.630 ; 202.940 ; 163.120 ; 904.540 ; 4.285.183 ; 69,6 ; 896 ;
;Ospedaletto Euganeo; 5.738 ; 418.960 ; 563.532 ; 162.760 ; 177.820 ;;; 10.998 ; 121.700 ; 11.759 ; 1.899 ; 41.426 ; -   ; 454.660 ; 1.965.514 ; 73,9 ; 149 ;
;Pernumia; 3.892 ; 325.880 ; 425.910 ; 116.670 ; 216.890 ;;; 4.972 ; 129.120 ; 4.300 ; 1.507 ; 19.860 ; 23.800 ; 412.200 ; 1.681.109 ; 71,4 ; 149 ;
;Piacenza d'Adige; 1.341 ; 78.310 ; 87.127 ; 51.240 ; 108.150 ;;; 2.134 ; 39.610 ; 166.239 ; 12.324 ; 23.718 ; 12.160 ; 90.360 ; 671.372 ; 80,8 ; 214 ;
;Piove di Sacco; 19.718 ; 1.805.000 ; 1.259.400 ; 756.480 ; 1.114.940 ;;; 114.043 ; 686.460 ; 329.282 ; 30.065 ; 635.660 ; 201.760 ; 2.135.590 ; 9.068.680 ; 67,5 ; 1.657 ;
;Polverara; 3.275 ; 170.270 ; 163.742 ; 149.120 ; 141.820 ;;; 17.251 ; 97.180 ; 6.400 ; 2.123 ; 69.210 ; -   ; 258.290 ; 1.075.406 ; 69,3 ; 461 ;
;Ponso; 2.471 ; 133.865 ; 212.353 ; 56.320 ; 109.350 ; 7.360 ;; 2.841 ; 81.960 ; 12.002 ; 651 ; 37.215 ; 20.080 ; 171.180 ; 845.177 ; 72,0 ; 340 ;
;Pontelongo; 3.863 ; 239.800 ; 199.280 ; 138.580 ; 246.000 ;;; 13.950 ; 141.730 ; 43.681 ; 4.823 ; 70.260 ; 12.130 ; 404.130 ; 1.514.364 ; 66,6 ; 399 ;
;Pozzonovo; 3.590 ; 353.710 ; 534.900 ; 107.640 ; 324.080 ;;; 3.020 ; 143.340 ; 17.137 ; 741 ; 16.740 ; -   ; 363.600 ; 1.864.908 ; 78,0 ; 363 ;
;Saletto; 2.749 ; 150.980 ; 274.960 ; 89.010 ; 130.920 ;;; 5.158 ; 101.200 ; 1.832 ; 945 ; 12.870 ; 1.880 ; 308.420 ; 1.078.175 ; 68,1 ; 343 ;
;San Pietro Viminario; 3.039 ; 223.580 ; 305.390 ; 90.230 ; 154.480 ;;; 3.553 ; 116.220 ; 4.552 ; 1.464 ; 5.520 ; 8.450 ; 320.570 ; 1.234.009 ; 70,7 ; 44 ;
;Santa Margherita d'Adige; 2.297 ; 168.135 ; 316.688 ; 85.680 ; 109.760 ;;; 1.854 ; 82.960 ; 3.542 ; 711 ; 75.851 ; 13.300 ; 174.100 ; 1.032.581 ; 74,8 ; 198 ;
;Sant'Angelo di Piove di Sacco; 7.256 ; 544.690 ; 580.160 ; 208.040 ; 389.520 ;;; 1.390 ; 202.380 ; 9.460 ; 2.558 ; -   ; 40.330 ; 700.040 ; 2.678.568 ; 70,5 ; 834 ;
;Sant'Elena; 2.467 ; 258.940 ; 394.040 ; 75.260 ; 182.990 ;;; 1.915 ; 82.060 ; 4.222 ; 1.363 ; 76.271 ; 23.910 ; 347.300 ; 1.448.271 ; 69,3 ; 124 ;
;Sant'Urbano; 2.064 ; 147.840 ; 216.560 ; 56.540 ; 72.290 ;;; 3.197 ; 66.260 ; 4.264 ; 72 ; 10.420 ; -   ; 265.980 ; 843.423 ; 65,3 ; 155 ;
;Solesino; 7.072 ; 1.115.010 ; 1.053.240 ; 259.700 ; 397.600 ;;; 62.120 ; 256.180 ; 255.067 ; 6.687 ; 361.755 ; 64.180 ; 577.680 ; 4.409.219 ; 78,3 ; 412 ;
;Stanghella; 4.203 ; 333.280 ; 352.500 ; 150.960 ; 190.580 ;;; 37.936 ; 148.300 ; 61.132 ; 6.339 ; 58.220 ; 1.840 ; 330.200 ; 1.671.287 ; 75,6 ; 367 ;
;Terrassa Padovana; 2.686 ; 164.320 ; 211.412 ; 78.480 ; 124.860 ;;; 17.249 ; 91.820 ; 4.427 ; 1.433 ; 70.540 ; 9.480 ; 235.030 ; 1.009.051 ; 68,7 ; 356 ;
;Tribano; 4.427 ; 324.240 ; 487.420 ; 184.460 ; 237.740 ;;; 26.547 ; 143.240 ; 128.392 ; 6.598 ; 47.560 ; 32.400 ; 477.980 ; 2.096.577 ; 72,4 ; 69 ;
;Urbana; 2.145 ; 186.420 ; 204.114 ; 99.340 ; 94.220 ;;; 3.007 ; 76.040 ; 6.827 ; 294 ; 111.190 ; 13.520 ; 132.750 ; 927.722 ; 73,9 ; 423 ;
;Vescovana; 1.821 ; 163.520 ; 204.080 ; 46.320 ; 59.800 ;;; 2.131 ; 42.960 ; 3.752 ; 415 ; 6.260 ; 1.380 ; 157.300 ; 687.918 ; 74,8 ; 5 ;
;Vighizzolo d'Este; 924 ; 56.950 ; 135.937 ; 39.840 ; 34.010 ;;; 1.062 ; 23.330 ; 1.427 ; 1.015 ; 15.324 ; -   ; 77.260 ; 386.155 ; 75,8 ; 56 ;
;Villa Estense; 2.212 ; 136.580 ; 309.840 ; 65.090 ; 99.540 ;;; 2.841 ; 65.510 ; 2.102 ; 488 ; 11.660 ; -   ; 255.520 ; 949.171 ; 70,3 ; 294 ;
;Vo; 3.372 ; 337.660 ; 254.180 ; 223.920 ; 186.840 ; 105.020 ;; 6.015 ; -   ; 6.580 ; 1.655 ; 43.220 ; -   ; 368.260 ; 1.533.350 ; 74,0 ;;
PADOVA SUD Totale;; 256.614 ; 19.995.250 ; 22.356.819 ; 9.044.350 ; 13.963.701 ; 127.980 ;; 1.018.921 ; 8.718.970 ; 3.920.795 ; 263.527 ; 4.684.801 ; 1.704.630 ; 25.736.520 ; 111.536.264 ; 70,6 ; 23.970 ;
ROVIGO;Adria; 19.869 ; 1.732.549 ; 1.790.190 ; 725.860 ; 1.169.780 ; 54.910 ;; 57.730 ; 668.950 ; 256.919 ; 31.220 ; 287.470 ; 121.240 ; 2.371.530 ; 9.268.348 ; 68,6 ; 1.416 ;
;Ariano nel Polesine; 4.369 ; 283.391 ; 453.970 ; 159.580 ; 190.614 ;;; 16.117 ; 149.140 ; 14.349 ; 4.223 ; 37.770 ; -   ; 596.500 ; 1.905.654 ; 65,2 ; 715 ;
;Arquà Polesine; 2.785 ; 234.170 ; 333.520 ; 83.100 ; 155.830 ; 17.970 ;; 6.443 ; 76.170 ; 6.583 ; 2.354 ; 16.970 ; -   ; 301.890 ; 1.235.000 ; 73,0 ;;
;Badia Polesine; 10.611 ; 1.015.390 ; 991.715 ; 421.080 ; 560.140 ; 139.900 ;; 28.652 ; 291.640 ; 156.564 ; 14.293 ; 186.450 ; 277.700 ; 1.489.290 ; 5.572.814 ; 63,9 ; 515 ;
;Bagnolo di Po; 1.319 ; 86.300 ; 158.530 ; 41.760 ; 50.410 ;;; 5.771 ; 40.580 ; 5.280 ; 969 ; 10.680 ; -   ; 124.450 ; 524.730 ; 72,7 ;;
;Bergantino; 2.590 ; 164.565 ; 379.835 ; 93.660 ; 95.020 ; 5.320 ;; 10.420 ; 75.710 ; 42.356 ; 5.285 ; 44.955 ; -   ; 340.630 ; 1.257.756 ; 68,1 ; 305 ;
;Bosaro; 1.517 ; 97.578 ; 171.549 ; 49.758 ; 55.386 ; 2.073 ;; 1.712 ; 37.544 ; 10.199 ; 1.167 ; 18.248 ; -   ; 152.255 ; 597.469 ; 70,2 ; 50 ;
;Calto; 764 ; 55.485 ; 112.780 ; 23.760 ; 40.085 ;;; 3.358 ; 27.160 ; 3.291 ; 812 ; 8.560 ; -   ; 102.360 ; 377.651 ; 69,2 ; 71 ;
;Canaro; 2.793 ; 200.070 ; 412.030 ; 98.490 ; 89.600 ;;; 9.301 ; 75.340 ; 8.900 ; 2.202 ; 37.370 ; -   ; 297.700 ; 1.231.003 ; 71,6 ; 45 ;
;Canda; 969 ; 63.200 ; 97.160 ; 25.130 ; 39.870 ;;; 3.389 ; 27.630 ; 3.335 ; 1.003 ; 5.880 ; 300 ; 101.080 ; 367.977 ; 69,4 ;;
;Castelguglielmo; 1.645 ; 96.790 ; 195.110 ; 52.100 ; 64.430 ;;; 7.367 ; 39.630 ; 4.718 ; 1.187 ; 20.390 ; -   ; 175.110 ; 656.832 ; 69,0 ;;
;Castelmassa; 4.287 ; 370.561 ; 550.150 ; 132.250 ; 186.030 ; 14.620 ;; 26.810 ; 124.350 ; 40.055 ; 7.207 ; 68.100 ; -   ; 551.220 ; 2.071.353 ; 68,9 ;;
;Castelnovo Bariano; 2.835 ; 192.974 ; 235.160 ; 117.600 ; 129.405 ; 620 ;; 12.090 ; 78.780 ; 20.803 ; 5.564 ; 124.470 ; -   ; 281.210 ; 1.198.676 ; 64,8 ; 154 ;
;Ceneselli; 1.744 ; 105.930 ; 265.400 ; 47.620 ; 65.290 ;;; 6.887 ; 56.490 ; 3.666 ; 1.143 ; 15.320 ; -   ; 179.050 ; 746.796 ; 72,5 ; 156 ;
;Ceregnano; 3.683 ; 197.111 ; 289.030 ; 77.930 ; 111.990 ;;; 8.206 ; 131.100 ; 10.537 ; 1.686 ; 32.700 ; -   ; 285.950 ; 1.146.240 ; 69,8 ; 278 ;
;Corbola; 2.461 ; 160.141 ; 307.140 ; 87.880 ; 199.685 ; 4.990 ;; 9.900 ; 82.940 ; 41.619 ; 3.966 ; 32.170 ; -   ; 344.060 ; 1.274.491 ; 69,2 ; 229 ;
;Costa di Rovigo; 2.659 ; 162.790 ; 316.190 ; 57.050 ; 111.570 ;;; 16.360 ; 74.030 ; 2.300 ; 4.376 ; 86.440 ; -   ; 305.710 ; 1.136.816 ; 64,2 ; 325 ;
;Crespino; 1.910 ; 122.857 ; 215.991 ; 62.649 ; 69.735 ; 2.611 ;; 2.154 ; 47.271 ; 12.841 ; 1.468 ; 22.975 ; -   ; 191.699 ; 752.251 ; 70,2 ; 246 ;
;Ficarolo; 2.493 ; 193.140 ; 331.490 ; 87.140 ; 102.350 ; 12.140 ;; 7.692 ; 83.790 ; 6.964 ; 4.515 ; 25.340 ; 830 ; 488.580 ; 1.343.971 ; 60,5 ; 170 ;
;Fiesso Umbertiano; 4.182 ; 374.220 ; 603.390 ; 113.560 ; 141.960 ;;; 17.115 ; 114.580 ; 2.460 ; 2.993 ; 95.260 ; 8.750 ; 475.170 ; 1.949.458 ; 69,1 ; 55 ;
;Frassinelle Polesine; 1.457 ; 83.130 ; 190.480 ; 46.070 ; 53.320 ;;; 7.439 ; 38.090 ; 7.020 ; 1.245 ; 17.910 ; -   ; 123.700 ; 568.404 ; 73,8 ; 147 ;
;Fratta Polesine; 2.683 ; 226.100 ; 446.180 ; 91.640 ; 112.630 ; 3.910 ;; 6.446 ; 74.860 ; 5.338 ; 1.572 ; 65.320 ; -   ; 310.780 ; 1.344.776 ; 70,9 ; 36 ;
;Gaiba; 1.059 ; 82.860 ; 169.970 ; 25.550 ; 44.320 ;;; 6.078 ; 35.560 ; 3.645 ; 777 ; 8.810 ; -   ; 100.290 ; 477.860 ; 75,7 ;;
;Gavello; 1.554 ; 75.163 ; 197.450 ; 81.500 ; 47.500 ;;; 5.687 ; 45.870 ; 4.249 ; 1.195 ; 13.880 ; -   ; 148.950 ; 621.444 ; 72,3 ;;
;Giacciano con Baruchella; 2.171 ; 157.700 ; 253.955 ; 50.890 ; 84.070 ; 4.810 ;; 8.021 ; 76.280 ; 8.874 ; 1.717 ; 27.780 ; -   ; 268.100 ; 942.197 ; 66,9 ; 4 ;
;Guarda Veneta; 1.182 ; 76.030 ; 133.666 ; 38.770 ; 43.155 ; 1.616 ;; 1.335 ; 29.253 ; 7.947 ; 910 ; 14.218 ; -   ; 118.633 ; 465.533 ; 70,2 ; 69 ;
;Lendinara; 11.963 ; 1.062.790 ; 1.418.380 ; 370.300 ; 629.590 ; 52.410 ;; 19.842 ; 329.240 ; 94.165 ; 8.690 ; 254.910 ; 33.260 ; 1.420.410 ; 5.693.987 ; 68,8 ; 539 ;
;Loreo; 3.554 ; 262.721 ; 246.230 ; 115.480 ; 138.545 ; 1.270 ;; 8.490 ; 103.780 ; 8.651 ; 4.018 ; 65.830 ; 5.170 ; 366.750 ; 1.326.935 ; 65,5 ; 285 ;
;Lusia; 3.530 ; 298.550 ; 319.770 ; 109.850 ; 144.410 ;;; 9.766 ; 110.180 ; 12.286 ; 2.595 ; 38.170 ; 24.950 ; 433.660 ; 1.504.187 ; 65,5 ; 232 ;
;Melara; 1.814 ; 119.540 ; 149.885 ; 73.020 ; 87.800 ;;; 6.151 ; 74.490 ; 4.593 ; 3.169 ; 38.760 ; -   ; 285.200 ; 842.608 ; 59,8 ; 258 ;
;Occhiobello; 11.915 ; 1.057.990 ; 1.104.680 ; 400.690 ; 607.120 ; 103.040 ;; 48.952 ; 608.810 ; 245.816 ; 15.838 ; 206.780 ; 33.300 ; 1.293.950 ; 5.726.966 ; 70,9 ; 175 ;
;Papozze; 1.558 ; 122.830 ; 228.640 ; 55.390 ; 51.985 ;;; 6.495 ; 57.430 ; 3.165 ; 1.465 ; 13.770 ; -   ; 196.350 ; 737.520 ; 70,0 ;;
;Pettorazza Grimani; 1.601 ; 82.660 ; 137.010 ; 50.630 ; 65.910 ;;; 4.252 ; 51.160 ; 7.522 ; 1.120 ; 10.340 ; -   ; 142.520 ; 553.124 ; 70,5 ; 301 ;
;Pincara; 1.202 ; 62.130 ; 132.680 ; 36.960 ; 58.390 ;;; 4.782 ; 44.010 ; 2.996 ; 1.132 ; 8.180 ; -   ; 135.080 ; 486.340 ; 68,7 ; 135 ;
;Polesella; 4.075 ; 262.116 ; 460.819 ; 133.662 ; 148.779 ; 5.570 ;; 4.597 ; 100.852 ; 27.396 ; 3.133 ; 49.018 ; -   ; 408.993 ; 1.604.935 ; 70,2 ; 103 ;
;Pontecchio Polesine; 2.209 ; 132.200 ; 257.210 ; 57.390 ; 66.735 ;;; 3.843 ; 54.500 ; 8.147 ; 2.321 ; 14.710 ; -   ; 130.250 ; 727.306 ; 78,6 ; 23 ;
;Porto Tolle; 9.854 ; 1.016.341 ; 1.038.450 ; 371.780 ; 426.810 ; 67.360 ;; 32.109 ; 372.860 ; 38.345 ; 33.949 ; 153.020 ; 15.450 ; 1.667.770 ; 5.234.244 ; 63,5 ; 282 ;
;Porto Viro; 14.543 ; 1.621.621 ; 1.416.780 ; 553.750 ; 806.330 ; 185.520 ;; 53.001 ; 511.810 ; 126.968 ; 19.507 ; 209.840 ; 435.330 ; 2.047.720 ; 7.988.177 ; 65,0 ; 26 ;
;Rosolina; 6.470 ; 821.251 ; 889.340 ; 399.160 ; 485.861 ; 23.210 ;; 25.090 ; 353.150 ; 81.950 ; 7.715 ; 108.220 ; 88.760 ; 1.886.470 ; 5.170.177 ; 58,2 ; 580 ;
;Rovigo; 52.170 ; 3.296.410 ; 5.310.290 ; 43.400 ; 3.027.173 ; 74.530 ;; 320.992 ; 4.546.950 ; 1.102.067 ; 118.933 ; 439.875 ; 787.030 ; 12.293.690 ; 31.361.340 ; 53,1 ; 1.229 ;
;Salara; 1.188 ; 78.060 ; 106.930 ; 39.270 ; 50.130 ;;; 3.955 ; 36.170 ; 4.321 ; 1.348 ; 8.720 ; -   ; 137.100 ; 466.004 ; 67,2 ; 202 ;
;San Bellino; 1.140 ; 83.800 ; 85.620 ; 28.820 ; 55.070 ;;; 4.671 ; 33.060 ; 3.059 ; 935 ; 6.080 ; -   ; 163.520 ; 464.635 ; 62,1 ;;
;San Martino di Venezze; 3.974 ; 279.029 ; 461.550 ; 143.380 ; 122.240 ;;; 8.120 ; 101.720 ; 11.229 ; 2.023 ; 36.420 ; -   ; 400.200 ; 1.565.911 ; 70,8 ; 406 ;
;Stienta; 3.300 ; 224.210 ; 464.830 ; 95.010 ; 144.420 ; 7.910 ;; 15.579 ; 93.670 ; 46.659 ; 4.997 ; 43.920 ; 3.340 ; 492.510 ; 1.637.055 ; 65,9 ; 150 ;
;Taglio di Po; 8.371 ; 677.851 ; 727.790 ; 263.820 ; 433.850 ; 66.300 ;; 50.653 ; 238.690 ; 104.745 ; 15.161 ; 94.400 ; 13.930 ; 921.930 ; 3.609.120 ; 70,1 ; 326 ;
;Trecenta; 2.822 ; 214.180 ; 232.670 ; 82.290 ; 155.710 ;;; 9.640 ; 97.310 ; 6.340 ; 3.170 ; 30.430 ; -   ; 468.840 ; 1.300.580 ; 60,1 ; 186 ;
;Villadose; 5.125 ; 374.331 ; 665.080 ; 110.400 ; 201.010 ; 9.320 ;; 11.821 ; 140.740 ; 22.174 ; 4.567 ; 52.500 ; -   ; 541.900 ; 2.133.843 ; 70,8 ; 389 ;
;Villamarzana; 1.195 ; 100.040 ; 160.100 ; 34.030 ; 39.240 ;;; 4.867 ; 34.980 ; 2.800 ; 1.013 ; 13.420 ; -   ; 141.460 ; 531.950 ; 69,6 ; 80 ;
;Villanova del Ghebbo; 2.058 ; 149.440 ; 263.120 ; 70.510 ; 114.180 ;;; 5.429 ; 60.530 ; 2.700 ; 1.880 ; 24.890 ; -   ; 303.150 ; 995.829 ; 65,8 ; 102 ;
;Villanova Marchesana; 956 ; 62.130 ; 76.320 ; 29.760 ; 39.290 ; 3.110 ;; 5.485 ; 24.050 ; 2.998 ; 2.701 ; 6.090 ; -   ; 97.700 ; 349.634 ; 69,0 ;;
ROVIGO Totale;; 242.178 ; 19.072.416 ; 25.956.205 ; 6.561.129 ; 12.114.753 ; 865.040 ;; 961.062 ; 10.782.880 ; 2.661.904 ; 366.429 ; 3.253.729 ; 1.849.340 ; 36.603.020 ; 121.047.907 ; 63,5 ; 10.995 ;
SINISTRA PIAVE;Cappella Maggiore; 4.710 ; 289.000 ; 90.348 ; 161.966 ; 220.373 ; 7.111 ;; 24.676 ; 146.070 ; 87.058 ; 7.707 ; 34.920 ; 15.260 ; 139.283 ; 1.223.772 ; 82,5 ; 964 ;
;Cessalto; 3.849 ; 237.040 ; 189.190 ; 112.700 ; 140.050 ; 9.555 ;; 28.654 ; 113.290 ; 104.964 ; 4.808 ; 66.020 ; 23.040 ; 145.700 ; 1.175.011 ; 79,4 ; 558 ;
;Chiarano; 3.731 ; 257.150 ; 225.140 ; 104.610 ; 167.310 ; 22.975 ;; 21.912 ; 89.850 ; 94.592 ; 4.938 ; 66.480 ; 18.430 ; 128.880 ; 1.202.267 ; 82,1 ; 563 ;
;Cimadolmo; 3.401 ; 221.970 ; 238.427 ; 132.030 ; 283.263 ; 60.991 ;; 20.462 ; 99.340 ; 170.132 ; 3.256 ; 44.421 ; -   ; 118.670 ; 1.392.962 ; 87,5 ; 750 ;
;Cison di Valmarino; 2.647 ; 186.800 ; 52.520 ; 176.040 ; 154.235 ; 19.100 ;; 29.801 ; 89.155 ; 105.750 ; 8.437 ; 83.300 ; 9.160 ; 100.535 ; 1.014.833 ; 81,3 ; 862 ;
;Codognè; 5.343 ; 261.660 ; 158.670 ; 178.610 ; 254.635 ; 29.580 ;; 22.576 ; 159.690 ; 93.100 ; 7.476 ; 55.860 ; 28.860 ; 215.670 ; 1.466.387 ; 78,0 ; 1.237 ;
;Colle Umberto; 5.111 ; 352.460 ; 235.065 ; 173.199 ; 315.279 ; 22.443 ;; 25.981 ; 151.250 ; 93.736 ; 8.915 ; 122.787 ; 6.780 ; 166.830 ; 1.674.725 ; 82,3 ; 1.056 ;
;Conegliano; 34.891 ; 3.918.360 ; 1.064.200 ; 1.578.470 ; 2.265.285 ; 110.310 ;; 129.773 ; 1.125.140 ; 571.051 ; 42.360 ; 305.640 ; 609.820 ; 1.906.480 ; 13.626.889 ; 78,0 ; 1.668 ;
;Cordignano; 7.020 ; 447.960 ; 377.010 ; 237.460 ; 331.210 ; 31.160 ;; 38.360 ; 172.210 ; 208.488 ; 11.052 ; 167.820 ; 27.740 ; 293.230 ; 2.343.700 ; 79,5 ; 1.444 ;
;Farra di Soligo; 8.913 ; 493.220 ; 451.600 ; 375.100 ; 418.830 ; 56.615 ;; 37.258 ; 225.470 ; 165.440 ; 14.398 ; 79.540 ; 44.700 ; 509.410 ; 2.871.581 ; 76,9 ; 1.904 ;
;Follina; 3.873 ; 270.800 ; 60.951 ; 220.064 ; 226.864 ; 17.120 ;; 16.907 ; 139.851 ; 87.240 ; 6.164 ; 35.298 ; 43.680 ; 145.291 ; 1.270.230 ; 80,5 ; 889 ;
;Fontanelle; 5.774 ; 295.150 ; 253.090 ; 187.830 ; 238.740 ; 27.110 ; 190 ; 32.411 ; 152.985 ; 228.860 ; 8.499 ; 97.760 ; 34.760 ; 171.440 ; 1.728.825 ; 82,0 ; 1.151 ;
;Fregona; 3.013 ; 161.760 ; 58.524 ; 98.060 ; 121.284 ; 4.607 ;; 15.983 ; 83.012 ; 56.394 ; 4.243 ; 22.620 ; 26.500 ; 138.003 ; 790.990 ; 74,6 ; 818 ;
;Gaiarine; 6.110 ; 260.440 ; 560.510 ; 213.090 ; 288.740 ; 34.310 ;; 42.335 ; 156.590 ; 143.610 ; 10.300 ; 127.400 ; -   ; 244.000 ; 2.081.325 ; 82,2 ; 1.559 ;
;Godega di Sant'Urbano; 6.062 ; 331.060 ; 362.885 ; 192.231 ; 266.571 ; 42.447 ;; 39.784 ; 154.280 ; 144.703 ; 12.151 ; 189.553 ; 28.280 ; 201.230 ; 1.965.175 ; 79,7 ; 1.559 ;
;Gorgo al Monticano; 4.190 ; 266.490 ; 221.260 ; 146.000 ; 153.880 ; 16.930 ;; 32.834 ; 114.280 ; 82.711 ; 4.644 ; 55.700 ; 20.540 ; 137.780 ; 1.253.049 ; 82,0 ;;
;Mansuè; 5.008 ; 233.240 ; 224.670 ; 172.388 ; 169.590 ; 9.984 ;; 32.967 ; 136.815 ; 95.838 ; 8.062 ; 53.892 ; 37.040 ; 160.720 ; 1.335.206 ; 79,9 ; 911 ;
;Mareno di Piave; 9.661 ; 605.420 ; 430.880 ; 321.580 ; 442.440 ; 47.065 ;; 47.749 ; 263.140 ; 160.960 ; 17.108 ; 104.600 ; 65.260 ; 315.840 ; 2.822.042 ; 81,6 ; 1.681 ;
;Meduna di Livenza; 2.861 ; 188.930 ;; 96.630 ; 120.280 ; 7.995 ;; 18.560 ; 87.900 ; 4.843 ; 4.748 ; 83.840 ; 11.120 ; 95.710 ; 720.556 ; 74,1 ; 368 ;
;Miane; 3.329 ; 134.900 ; 52.389 ; 142.886 ; 143.139 ; 14.485 ;; 14.532 ; 81.509 ; 74.988 ; 3.996 ; 30.342 ; 7.000 ; 117.600 ; 817.766 ; 79,7 ; 949 ;
;Moriago della Battaglia; 2.761 ; 157.260 ; 81.720 ; 108.190 ; 134.160 ; 22.900 ;; 17.315 ; 74.180 ; 79.430 ; 6.307 ; 28.300 ; 12.660 ; 78.680 ; 801.102 ; 83,9 ; 559 ;
;Motta di Livenza; 10.668 ; 894.640 ; 680.280 ; 417.210 ; 565.490 ; 98.425 ;; 63.405 ; 298.830 ; 260.778 ; 16.879 ; 179.180 ; 149.300 ; 724.280 ; 4.348.697 ; 75,4 ; 857 ;
;Oderzo; 20.378 ; 1.851.620 ; 2.595.680 ; 880.270 ; 1.457.825 ; 101.815 ;; 109.894 ; 870.300 ; 355.260 ; 22.234 ; 265.580 ; 139.120 ; 1.096.420 ; 9.746.018 ; 83,2 ; 1.700 ;
;Ormelle; 4.478 ; 307.730 ; 149.001 ; 156.010 ; 184.565 ; 26.293 ;; 26.491 ; 121.960 ; 107.882 ; 5.086 ; 50.483 ; 24.560 ; 184.290 ; 1.344.351 ; 79,6 ; 625 ;
;Orsago; 3.873 ; 230.720 ; 137.180 ; 106.100 ; 168.870 ; 21.110 ;; 19.208 ; 99.890 ; 70.840 ; 5.791 ; 42.040 ; 22.780 ; 140.780 ; 1.065.309 ; 79,6 ; 684 ;
;Pieve di Soligo; 12.106 ; 972.600 ; 507.120 ; 468.360 ; 616.725 ; 55.890 ; 180 ; 71.917 ; 349.305 ; 257.154 ; 17.025 ; 109.800 ; 98.440 ; 527.620 ; 4.052.136 ; 80,6 ; 1.694 ;
;Ponte di Piave; 8.342 ; 712.460 ; 442.050 ; 271.960 ; 400.155 ; 37.165 ;; 51.816 ; 249.990 ; 208.738 ; 10.646 ; 105.680 ; 92.900 ; 382.250 ; 2.965.810 ; 79,2 ; 766 ;
;Portobuffolè; 755 ; 80.530 ; 33.870 ; 39.083 ; 43.960 ; 1.506 ;; 4.969 ; 21.010 ; 13.305 ; 831 ; 8.126 ; 1.580 ; 30.980 ; 279.750 ; 84,5 ;;
;Refrontolo; 1.747 ; 66.540 ; 60.730 ; 91.740 ; 84.850 ; 10.930 ;; 6.869 ; 52.550 ; 47.573 ; 2.642 ; 20.880 ; 3.100 ; 43.500 ; 491.904 ; 85,0 ; 579 ;
;Revine Lago; 2.208 ; 110.200 ; 19.701 ; 83.056 ; 100.210 ; 9.280 ;; 13.045 ; 61.395 ; 47.356 ; 3.345 ; 20.920 ; 20.140 ; 84.965 ; 573.613 ; 76,5 ; 625 ;
;Salgareda; 6.688 ; 504.640 ; 577.340 ; 203.070 ; 269.950 ; 24.430 ;; 43.505 ; 207.070 ; 150.571 ; 10.194 ; 83.860 ; 61.980 ; 199.580 ; 2.336.190 ; 83,9 ; 775 ;
;San Fior; 6.970 ; 413.000 ; 256.080 ; 238.270 ; 335.030 ; 25.130 ;; 23.801 ; 210.830 ; 86.132 ; 7.886 ; 42.260 ; 18.660 ; 285.900 ; 1.942.979 ; 80,2 ; 1.245 ;
;San Pietro di Feletto; 5.321 ; 345.460 ; 192.520 ; 222.290 ; 236.130 ; 14.935 ;; 27.820 ; 158.940 ; 105.325 ; 9.502 ; 70.540 ; -   ; 200.990 ; 1.584.452 ; 81,8 ; 886 ;
;San Polo di Piave; 4.857 ; 297.090 ; 161.613 ; 158.791 ; 236.912 ; 26.528 ;; 30.418 ; 145.900 ; 106.211 ; 5.701 ; 54.756 ; 49.480 ; 205.440 ; 1.478.840 ; 77,8 ; 842 ;
;San Vendemiano; 10.054 ; 1.084.880 ; 487.970 ; 362.280 ; 619.180 ; 68.610 ;; 52.066 ; 329.320 ; 203.650 ; 18.102 ; 105.020 ; 89.760 ; 533.090 ; 3.953.928 ; 80,4 ; 979 ;
;Santa Lucia di Piave; 9.151 ; 721.360 ; 410.320 ; 290.550 ; 465.915 ; 48.940 ;; 58.936 ; 255.040 ; 193.932 ; 17.028 ; 69.680 ; 11.200 ; 423.970 ; 2.966.871 ; 81,6 ; 798 ;
;Sarmede; 3.086 ; 159.300 ; 59.868 ; 98.274 ; 127.033 ; 4.712 ;; 26.032 ; 79.568 ; 57.688 ; 3.332 ; 23.139 ; 24.300 ; 94.623 ; 757.869 ; 79,6 ; 664 ;
;Segusino; 1.887 ; 84.440 ; 40.700 ; 70.380 ; 110.850 ; 9.640 ;; 14.350 ; 58.290 ; 51.945 ; 4.641 ; 34.560 ; 16.620 ; 65.800 ; 562.216 ; 78,5 ; 447 ;
;Sernaglia della Battaglia; 6.202 ; 199.180 ; 593.380 ; 226.860 ; 307.970 ; 57.260 ;; 50.737 ; 173.220 ; 201.194 ; 9.623 ; 108.560 ; 25.840 ; 180.800 ; 2.134.624 ; 84,8 ; 1.885 ;
;Tarzo; 4.399 ; 294.580 ; 39.249 ; 178.124 ; 205.250 ; 18.490 ;; 16.439 ; 140.820 ; 57.826 ; 8.235 ; 41.680 ; 9.160 ; 228.760 ; 1.238.613 ; 75,7 ; 1.314 ;
;Valdobbiadene; 10.388 ; 774.960 ; 181.000 ; 641.230 ; 652.790 ; 34.330 ;; 76.193 ; 339.660 ; 233.907 ; 15.762 ; 152.140 ; 125.610 ; 665.830 ; 3.893.412 ; 74,8 ; 1.967 ;
;Vazzola; 7.001 ; 417.320 ; 259.630 ; 240.090 ; 351.520 ; 55.280 ;; 33.892 ; 205.560 ; 151.093 ; 8.432 ; 90.180 ; 36.120 ; 310.930 ; 2.160.047 ; 78,7 ; 1.184 ;
;Vidor; 3.766 ; 273.400 ; 78.020 ; 170.560 ; 208.920 ; 27.800 ;; 22.384 ; 123.365 ; 88.919 ; 5.589 ; 29.240 ; 61.400 ; 169.710 ; 1.259.307 ; 77,6 ; 444 ;
;Vittorio Veneto; 28.232 ; 2.979.620 ; 686.360 ; 1.108.550 ; 1.511.850 ; 82.400 ;; 166.123 ; 947.480 ; 526.604 ; 36.294 ; 235.800 ; 183.720 ; 1.304.630 ; 9.769.431 ; 80,7 ; 2.266 ;
SINISTRA PIAVE Totale;; 304.815 ; 23.347.340 ; 14.038.711 ; 11.852.242 ; 16.118.108 ; 1.475.692 ; 370 ; 1.701.140 ; 9.316.300 ; 6.437.771 ; 444.369 ; 3.800.197 ; 2.336.400 ; 13.616.120 ; 104.484.760 ; 80,0 ; 44.676 ;
VENEZIA;Annone Veneto; 3.954 ; 297.080 ; 209.703 ; 147.899 ; 291.280 ; 1.456 ;; 13.072 ; 133.220 ; 31.481 ; 3.726 ; 17.467 ; 35.600 ; 294.200 ; 1.476.184 ; 75,3 ; 456 ;
;Campagna Lupia; 7.142 ; 698.358 ; 550.053 ;; 309.136 ; 159.471 ;; 28.464 ; 281.190 ; 34.240 ; 13.259 ; 36.607 ; 58.100 ; 544.014 ; 2.712.892 ; 76,4 ; 304 ;
;Campolongo Maggiore; 10.530 ; 891.266 ; 463.251 ;; 470.402 ; 230.648 ;; 40.647 ; 375.125 ; 49.315 ; 16.438 ; 56.148 ; 79.120 ; 662.372 ; 3.334.732 ; 76,3 ; 738 ;
;Camponogara; 13.154 ; 920.429 ; 768.043 ;; 601.440 ; 309.795 ;; 40.033 ; 477.773 ; 54.900 ; 22.288 ; 64.070 ; 81.880 ; 852.505 ; 4.193.156 ; 76,1 ; 854 ;
;Caorle; 11.668 ; 1.956.290 ; 1.303.022 ; 2.564 ; 1.109.900 ; 8.272 ;; 93.472 ; 1.813.720 ; 268.446 ; 11.187 ; 113.245 ; 422.600 ; 7.642.450 ; 14.745.168 ; 42,3 ; 326 ;
;Cavallino-Treporti; 13.501 ; 2.362.680 ; 6.298.920 ; 19.560 ; 1.132.270 ; 35.370 ;; 120.761 ; 2.225.950 ; 440.135 ; 36.318 ; 306.640 ; 169.550 ; 4.838.610 ; 17.986.764 ; 67,6 ; 330 ;
;Cavarzere; 14.193 ; 959.500 ; 1.086.480 ;; 760.900 ;;; 71.034 ; 966.480 ; 178.980 ; 13.349 ; 103.840 ; 54.280 ; 1.725.500 ; 5.920.343 ; 64,8 ; 555 ;
;Ceggia; 6.196 ; 388.980 ; 350.280 ;; 391.980 ;;; 35.617 ; 464.840 ; 142.491 ; 14.017 ; 65.610 ; 39.940 ; 250.720 ; 2.144.475 ; 81,1 ; 832 ;
;Chioggia; 49.706 ; 5.571.160 ; 1.032.350 ;; 3.188.480 ; 42.080 ;; 229.088 ; 5.032.740 ; 1.579.230 ; 43.161 ; 512.950 ; 164.310 ; 9.798.090 ; 27.193.639 ; 57,0 ; 358 ;
;Cinto Caomaggiore; 3.243 ; 217.720 ; 161.760 ; 126.450 ; 152.580 ; 3.680 ;; 25.637 ; 101.880 ; 28.440 ; 4.607 ; 36.280 ; 9.520 ; 190.550 ; 1.059.104 ; 77,3 ; 577 ;
;Cona; 2.985 ; 256.130 ; 334.920 ; 64.300 ; 123.000 ; 950 ;; 19.490 ; 105.600 ; 23.340 ; 3.681 ; 54.060 ; 21.520 ; 268.100 ; 1.275.091 ; 71,1 ; 216 ;
;Concordia Sagittaria; 10.386 ; 820.800 ; 651.780 ; 335.880 ; 570.190 ; 9.835 ;; 57.512 ; 359.330 ; 129.571 ; 13.916 ; 71.760 ; 113.340 ; 856.560 ; 3.990.474 ; 73,0 ; 986 ;
;Dolo; 14.889 ; 1.375.464 ; 1.227.250 ;; 813.278 ; 3.450 ;; 77.582 ; 1.067.010 ; 68.223 ; 22.313 ; 229.409 ; 187.700 ; 2.593.029 ; 7.664.708 ; 59,8 ;;
;Eraclea; 12.396 ; 1.472.870 ; 1.421.120 ;; 664.720 ;;; 61.969 ; 951.970 ; 190.517 ; 25.359 ; 119.170 ; 69.850 ; 1.991.210 ; 6.968.755 ; 67,5 ; 914 ;
;Fiesso d'Artico; 8.124 ; 719.761 ; 340.660 ;; 399.500 ; 3.100 ;; 22.338 ; 438.030 ; 29.460 ; 7.066 ; 48.220 ; 90.700 ; 808.965 ; 2.907.800 ; 67,8 ; 325 ;
;Fossalta di Piave; 4.134 ; 364.240 ; 472.860 ;; 220.100 ;;; 12.633 ; 261.460 ; 280 ; 6.044 ; 38.590 ; 51.100 ; 444.400 ; 1.871.707 ; 70,3 ; 383 ;
;Fossalta di Portogruaro; 6.054 ; 447.340 ; 510.815 ; 113.878 ; 456.498 ; 8.775 ;; 54.174 ; 362.370 ; 89.509 ; 9.349 ; 63.076 ; 51.660 ; 581.870 ; 2.749.314 ; 73,2 ; 545 ;
;Fossò; 7.008 ; 786.769 ; 589.658 ;; 360.679 ; 170.903 ;; 26.751 ; 266.597 ; 42.805 ; 10.888 ; 68.580 ; 68.940 ; 578.610 ; 2.971.180 ; 76,5 ;;
;Gruaro; 2.811 ; 194.420 ; 182.740 ; 115.500 ; 181.160 ; 4.520 ;; 15.912 ; 101.760 ; 41.042 ; 4.207 ; 28.580 ; -   ; 247.060 ; 1.116.901 ; 74,7 ; 533 ;
;Iesolo; 26.144 ; 4.448.670 ; 2.134.005 ; 11.200 ; 2.574.790 ;;; 123.589 ; 3.334.240 ; 496.289 ; 18.800 ; 457.840 ; 516.340 ; 15.097.870 ; 29.213.633 ; 44,1 ; 910 ;
;Marcon; 17.380 ; 1.715.300 ; 1.345.580 ; 12.970 ; 1.580.130 ; 548.040 ;; 82.362 ; 607.270 ; 315.529 ; 34.784 ; 253.840 ; 78.280 ; 1.745.560 ; 8.319.645 ; 75,3 ;;
;Martellago; 21.528 ; 1.801.220 ; 2.472.180 ; 22.540 ; 1.372.702 ; 1.426 ;; 93.938 ; 1.567.940 ; 421.807 ; 27.539 ; 338.273 ; 210.850 ; 1.765.552 ; 10.095.967 ; 75,4 ; 1.645 ;
;Meolo; 6.427 ; 687.900 ; 391.480 ; 8.930 ; 327.750 ; 5.710 ;; 39.666 ; 413.840 ; 192.836 ; 12.651 ; 115.740 ; 33.220 ; 500.040 ; 2.729.763 ; 74,1 ; 527 ;
;Mira; 38.575 ; 2.750.380 ; 3.770.540 ; 19.900 ; 1.851.710 ; 25.420 ;; 160.821 ; 2.183.266 ; 513.812 ; 43.778 ; 773.080 ; 305.940 ; 7.064.720 ; 19.463.367 ; 58,2 ; 2.437 ;
;Mirano; 27.045 ; 2.698.360 ; 2.446.600 ; 54.900 ; 2.006.960 ; 12.930 ;; 107.098 ; 2.213.587 ; 1.028.712 ; 27.830 ; 758.420 ; 296.260 ; 3.044.301 ; 14.695.958 ; 71,5 ; 2.725 ;
;Mogliano Veneto; 27.659 ; 2.125.960 ; 1.885.820 ; 1.600 ; 1.636.200 ;;; 130.678 ; 1.864.540 ; 476.245 ; 44.335 ; 334.660 ; 342.380 ; 2.917.240 ; 11.759.658 ; 69,9 ; 1.685 ;
;Musile di Piave; 11.522 ; 964.890 ; 1.049.060 ; 9.850 ; 515.710 ; 4.930 ;; 35.209 ; 635.330 ; 213.530 ; 20.448 ; 142.490 ; 82.180 ; 1.140.460 ; 4.814.087 ; 70,9 ; 853 ;
;Noale; 15.969 ; 1.435.020 ; 1.413.350 ; 14.380 ; 913.800 ; 800 ;; 44.445 ; 1.214.350 ; 253.193 ; 15.473 ; 170.143 ; 255.980 ; 1.563.030 ; 7.293.964 ; 71,2 ; 1.418 ;
;Noventa di Piave; 6.981 ; 740.300 ; 763.210 ;; 403.180 ;;; 21.333 ; 494.920 ; 580 ; 13.149 ; 52.690 ; 54.520 ; 930.500 ; 3.474.382 ; 69,7 ; 338 ;
;Pianiga; 12.280 ; 1.029.060 ; 1.146.220 ; 359.980 ; 657.380 ; 2.500 ;; 50.684 ; 372.080 ; 144.787 ; 10.750 ; 135.264 ; 124.540 ; 1.147.920 ; 5.181.165 ; 74,0 ; 476 ;
;Portogruaro; 25.142 ; 2.234.230 ; 1.423.328 ; 214.398 ; 1.630.146 ; 11.713 ;; 125.116 ; 1.718.310 ; 238.488 ; 28.223 ; 245.843 ; 271.320 ; 2.299.880 ; 10.440.995 ; 71,1 ; 1.636 ;
;Pramaggiore; 4.654 ; 336.180 ; 194.009 ; 178.358 ; 250.454 ; 4.007 ;; 35.870 ; 192.420 ; 56.903 ; 7.485 ; 48.055 ; 1.000 ; 330.110 ; 1.634.851 ; 75,7 ; 540 ;
;Quarto d'Altino; 8.208 ; 803.300 ; 747.900 ; 48.150 ; 491.320 ; 222.530 ;; 42.250 ; 273.950 ; 143.832 ; 16.718 ; 102.080 ; 49.360 ; 993.600 ; 3.934.990 ; 71,2 ; 114 ;
;Salzano; 12.777 ; 778.341 ; 518.910 ; 11.080 ; 473.786 ; 123.260 ;; 56.751 ; 519.020 ; 202.076 ; 16.446 ; 201.943 ; 139.640 ; 891.716 ; 3.932.969 ; 70,9 ; 1.401 ;
;San Donà di Piave; 41.778 ; 4.027.400 ; 4.270.450 ; 45.910 ; 2.742.010 ; 52.860 ;; 187.494 ; 2.845.420 ; 634.482 ; 67.973 ; 228.350 ; 181.260 ; 4.133.370 ; 19.416.979 ; 73,5 ; 2.058 ;
;San Michele al Tagliamento; 11.930 ; 2.053.740 ; 3.133.750 ; 4.880 ; 1.320.910 ; 8.850 ;; 61.647 ; 2.043.270 ; 361.500 ; 11.780 ; 194.240 ; 562.920 ; 7.656.860 ; 17.414.347 ; 50,0 ; 680 ;
;Santa Maria di Sala; 17.602 ; 1.567.880 ; 1.675.470 ; 19.500 ; 1.125.060 ; 2.150 ;; 109.370 ; 1.366.310 ; 282.774 ; 20.321 ; 226.860 ; 225.100 ; 1.518.901 ; 8.139.696 ; 74,3 ; 1.006 ;
;Santo Stino di Livenza; 12.928 ; 909.000 ; 820.154 ; 301.496 ; 674.900 ; 12.678 ;; 91.495 ; 512.370 ; 151.162 ; 17.932 ; 119.215 ; 240.460 ; 939.990 ; 4.790.852 ; 71,9 ; 1.321 ;
;Scorzè; 18.863 ; 1.569.240 ; 1.659.530 ; 15.880 ; 1.284.390 ; 5.800 ;; 75.958 ; 1.450.750 ; 344.575 ; 22.587 ; 471.828 ; 120.380 ; 1.479.380 ; 8.500.298 ; 74,0 ; 2.685 ;
;Spinea; 27.927 ; 2.734.730 ; 1.959.760 ; 7.820 ; 1.621.495 ; 3.140 ;; 143.800 ; 2.037.333 ; 403.982 ; 34.382 ; 516.495 ; 299.540 ; 1.848.410 ; 11.610.887 ; 75,8 ; 1.385 ;
;Stra; 7.627 ; 551.380 ; 431.112 ;; 296.080 ; 2.400 ;; 19.062 ; 417.470 ; 62.520 ; 7.317 ; 54.760 ; 87.580 ; 639.010 ; 2.568.691 ; 70,5 ; 538 ;
;Teglio Veneto; 2.285 ; 123.980 ; 93.644 ; 90.082 ; 122.482 ; 1.091 ;; 6.698 ; 70.980 ; 13.912 ; 2.536 ; 7.964 ; -   ; 158.010 ; 691.379 ; 74,8 ; 377 ;
;Torre di Mosto; 4.749 ; 370.770 ; 414.110 ;; 207.700 ;;; 20.794 ; 277.650 ; 63.196 ; 7.118 ; 76.520 ; 38.160 ; 407.960 ; 1.883.978 ; 72,1 ; 318 ;
;Venezia; 263.352 ; 20.449.917 ; 13.501.580 ; 286.970 ; 21.752.150 ; 103.410 ;; 1.193.390 ; 22.074.070 ; 4.499.689 ; 360.012 ; 4.407.761 ; 1.343.960 ; 71.169.400 ; 161.142.309 ; 50,4 ; 5.331 ;
;Vigonovo; 9.972 ; 774.276 ; 476.249 ;; 512.629 ; 234.112 ;; 39.749 ; 347.492 ; 17.470 ; 7.710 ; 145.820 ; 124.440 ; 881.430 ; 3.561.377 ; 69,5 ; 578 ;
VENEZIA Totale;; 883.378 ; 80.382.681 ; 68.093.666 ; 2.666.805 ; 60.543.317 ; 2.382.062 ;; 4.145.453 ; 66.835.223 ; 14.956.286 ; 1.179.250 ; 12.614.476 ; 7.755.320 ; 167.434.035 ; 488.988.574 ; 60,0 ; 42.214 ;
VERONA SUD;Albaredo d'Adige; 5.314 ; 370.000 ; 289.640 ; 189.160 ; 207.950 ;;; 29.861 ; 133.280 ; 112.820 ; 2.977 ; 96.600 ; 34.040 ; 510.610 ; 1.976.938 ; 68,4 ; 182 ;
;Angiari; 2.226 ; 186.320 ; 176.930 ; 71.500 ; 104.210 ;;; 1.350 ; 90.900 ; 10.963 ; 1.970 ; 24.680 ; 16.100 ; 195.830 ; 880.753 ; 75,7 ;;
;Arcole; 6.210 ; 499.240 ; 337.720 ; 203.580 ; 244.570 ;;; 5.110 ; 159.470 ;; 4.304 ; 24.990 ; 84.760 ; 782.320 ; 2.346.064 ; 60,7 ;;
;Belfiore; 3.102 ; 220.310 ; 214.990 ; 97.800 ; 138.320 ;;; 1.264 ; 118.410 ; 14.570 ; 1.846 ; 33.440 ; 17.960 ; 230.283 ; 1.089.193 ; 76,6 ; 334 ;
;Bevilacqua; 1.758 ; 177.340 ; 196.600 ; 2.820 ; 73.050 ;;;; 116.840 ;; 150 ; 9.120 ; 6.180 ; 181.120 ; 763.220 ; 70,1 ;;
;Bonavigo; 2.010 ; 189.490 ; 207.220 ; 57.060 ; 106.800 ; 4 ;; 1.900 ; 65.990 ; 9.707 ; 887 ; 6.420 ; 15.620 ; 161.000 ; 822.098 ; 76,5 ;;
;Boschi Sant'Anna; 1.431 ; 95.000 ; 60.440 ; 45.090 ; 49.670 ;;; 4.436 ; 32.440 ; 71.186 ; 1.795 ; 22.440 ; 8.040 ; 135.570 ; 526.107 ; 68,6 ;;
;Bovolone; 16.050 ; 1.299.580 ; 1.550.940 ; 619.010 ; 860.970 ; 6.000 ; 340 ; 79.387 ; 538.010 ; 704.290 ; 20.067 ; 400.120 ; 143.800 ; 1.106.840 ; 7.329.354 ; 77,8 ; 500 ;
;Casaleone; 5.900 ; 426.840 ; 481.580 ; 213.720 ; 267.940 ; 3.530 ;; 17.720 ; 209.940 ; 87.920 ; 6.603 ; 38.800 ; 46.870 ; 452.410 ; 2.253.873 ; 77,9 ; 460 ;
;Castagnaro; 3.750 ; 317.150 ; 417.970 ; 131.030 ; 160.500 ;;; 13.486 ; 98.170 ; 47.740 ; 3.370 ; 79.520 ; 15.240 ; 463.340 ; 1.747.516 ; 68,1 ;;
;Cerea; 16.529 ; 1.230.520 ; 1.517.300 ; 648.140 ; 892.230 ; 20.060 ;; 53.181 ; 506.230 ; 334.966 ; 9.570 ; 166.600 ; 225.820 ; 1.883.680 ; 7.488.297 ; 69,0 ; 468 ;
;Cologna Veneta; 8.646 ; 574.860 ; 418.455 ; 291.600 ; 449.840 ; 17.220 ; 160 ; 40.426 ; 246.910 ; 264.600 ; 6.476 ; 96.060 ; 136.680 ; 899.640 ; 3.442.927 ; 66,6 ; 239 ;
;Concamarise; 1.083 ; 74.520 ; 79.940 ; 44.790 ; 41.900 ;;;; 33.510 ; 9.630 ; 494 ; 1.440 ; 10.960 ; 54.880 ; 352.064 ; 82,6 ; 114 ;
;Erbè; 1.836 ; 109.980 ; 86.700 ; 64.400 ; 82.700 ;;; 6.908 ; 47.380 ; 36.240 ; 2.060 ; 3.130 ; 17.560 ; 87.340 ; 544.398 ; 82,6 ; 118 ;
;Gazzo Veronese; 5.405 ; 360.560 ; 535.540 ; 195.740 ; 259.450 ; 1.870 ; 580 ; 20.823 ; 248.100 ; 47.260 ; 5.236 ; 38.360 ; 30.360 ; 414.430 ; 2.158.309 ; 78,4 ; 532 ;
;Isola della Scala; 11.577 ; 1.060.920 ; 684.860 ; 426.600 ; 571.920 ; 3.190 ;; 37.738 ; 441.290 ; 151.870 ; 13.693 ; 134.730 ; 148.160 ; 570.040 ; 4.245.011 ; 83,9 ;;
;Isola Rizza; 3.284 ; 296.180 ; 92.900 ; 129.390 ; 197.540 ;;; 11.635 ; 150.540 ; 62.710 ; 3.884 ; 34.840 ; -   ; 186.370 ; 1.165.989 ; 81,3 ; 372 ;
;Legnago; 25.351 ; 2.300.730 ; 2.452.300 ; 948.440 ; 1.650.150 ; 37.720 ;; 103.387 ; 797.820 ; 725.636 ; 20.476 ; 108.280 ; 543.920 ; 3.025.430 ; 12.714.289 ; 70,2 ; 587 ;
;Minerbe; 4.621 ; 350.030 ; 451.800 ; 149.970 ; 197.690 ; 12.210 ;; 16.227 ; 116.650 ; 117.246 ; 3.392 ; 57.975 ; 43.020 ; 546.580 ; 2.062.790 ; 68,4 ;;
;Nogara; 8.662 ; 794.300 ; 628.320 ; 349.370 ; 459.790 ; 1.230 ; 1.250 ; 31.967 ; 343.670 ; 93.435 ; 10.743 ; 73.880 ; 131.200 ; 840.130 ; 3.759.285 ; 75,4 ; 239 ;
;Nogarole Rocca; 3.677 ; 325.010 ; 287.360 ; 113.160 ; 190.670 ;;; 11.694 ; 135.730 ; 71.330 ; 4.580 ; 77.390 ; 53.480 ; 280.430 ; 1.550.834 ; 79,2 ;;
;Oppeano; 9.831 ; 909.820 ; 617.650 ; 326.340 ; 447.610 ;;; 31.283 ; 352.340 ; 84.590 ; 10.263 ; 66.460 ; 103.330 ; 750.420 ; 3.700.106 ; 77,9 ;;
;Palù; 1.256 ; 113.380 ; 40.920 ; 44.400 ; 54.130 ;;; 326 ; 45.540 ; 5.020 ; 873 ; 4.220 ; -   ; 68.867 ; 377.676 ; 80,0 ; 125 ;
;Pressana; 2.512 ; 172.380 ; 264.810 ; 78.420 ; 106.140 ;;;; 67.940 ; 10.759 ; 637 ; 6.480 ; 15.570 ; 265.770 ; 988.906 ; 69,8 ; 22 ;
;Ronco all'Adige; 6.100 ; 449.670 ; 265.880 ; 198.330 ; 150.050 ;;; 8.739 ; 147.200 ; 77.510 ; 3.095 ; 124.180 ; 52.500 ; 506.000 ; 1.983.154 ; 65,7 ; 423 ;
;Roverchiara; 2.764 ; 206.010 ; 158.330 ; 91.200 ; 121.270 ;;; 8.560 ; 102.030 ; 29.865 ; 2.887 ; 27.930 ; 14.000 ; 144.030 ; 906.112 ; 81,3 ;;
;Roveredo di Guà; 1.573 ; 84.010 ; 54.390 ; 43.220 ; 61.070 ;;;; 40.230 ; 15.180 ; 913 ; 33.980 ; 7.450 ; 104.000 ; 444.443 ; 67,9 ; 260 ;
;Salizzole; 3.755 ; 272.940 ; 285.260 ; 127.500 ; 184.160 ;;; 11.592 ; 177.140 ; 54.460 ; 4.410 ; 36.120 ; 23.840 ; 221.060 ; 1.398.482 ; 80,0 ; 326 ;
;San Giovanni Lupatoto; 25.066 ; 2.166.830 ; 1.850.590 ; 876.820 ; 1.640.130 ; 31.800 ;; 218.854 ; 843.420 ; 556.825 ; 41.379 ; 211.770 ; 298.960 ; 2.419.570 ; 11.156.948 ; 72,5 ;;
;San Pietro di Morubio; 3.040 ; 243.060 ; 141.160 ; 107.490 ; 155.650 ;;; 12.750 ; 131.230 ; 46.946 ; 3.502 ; 66.080 ; 18.090 ; 143.340 ; 1.069.298 ; 83,0 ; 213 ;
;Sanguinetto; 4.101 ; 300.260 ; 371.470 ; 151.440 ; 210.620 ; 8.500 ;; 14.795 ; 110.140 ; 140.552 ; 2.478 ; 52.310 ; 66.840 ; 445.560 ; 1.874.965 ; 69,6 ; 4 ;
;Sorgà; 3.060 ; 221.200 ; 190.320 ; 108.850 ; 152.790 ;;; 16.098 ; 112.100 ; 49.160 ; 5.464 ; 34.910 ; 23.420 ; 203.410 ; 1.117.722 ; 79,4 ; 241 ;
;Terrazzo; 2.254 ; 176.820 ; 160.520 ; 75.870 ; 81.220 ;;; 9.654 ; 87.260 ; 71.540 ; 2.851 ; 41.650 ; 9.220 ; 140.950 ; 857.555 ; 80,7 ;;
;Trevenzuolo; 2.764 ; 203.600 ; 218.900 ; 96.170 ; 126.000 ;;; 7.400 ; 119.330 ; 68.700 ; 2.303 ; 45.820 ; 29.040 ; 220.170 ; 1.137.433 ; 78,0 ;;
;Veronella; 5.010 ; 330.010 ; 367.590 ; 153.900 ; 181.510 ;;;; 118.720 ;; 1.337 ; 21.790 ; 48.620 ; 482.980 ; 1.706.457 ; 66,7 ;;
;Vigasio; 9.955 ; 729.320 ; 737.510 ; 318.030 ; 419.770 ;;; 22.697 ; 277.290 ; 96.710 ; 10.529 ; 86.930 ; 101.250 ; 781.860 ; 3.581.896 ; 76,6 ; 1.304 ;
;Villa Bartolomea; 5.824 ; 435.790 ; 629.730 ; 218.755 ; 221.580 ;;; 28.899 ; 180.060 ; 100.150 ; 12.135 ; 118.170 ; 47.780 ; 578.960 ; 2.572.009 ; 70,7 ;;
;Zevio; 14.953 ; 1.510.370 ; 1.310.130 ; 568.080 ; 888.980 ; 112.540 ;; 64.981 ; 315.810 ; 484.741 ; 27.264 ; 447.390 ; 186.320 ; 1.088.010 ; 7.004.616 ; 76,1 ; 395 ;
;Zimella; 4.952 ; 276.650 ; 321.690 ; 164.260 ; 191.960 ; 17.800 ;; 17.847 ; 115.140 ; 76.768 ; 4.255 ; 84.815 ; 4.560 ; 401.420 ; 1.677.165 ; 71,0 ; 617 ;
VERONA SUD Totale;; 247.192 ; 20.061.000 ; 19.156.355 ; 8.741.445 ; 12.602.500 ; 273.674 ; 2.330 ; 962.975 ; 7.974.200 ; 4.943.595 ; 261.148 ; 3.039.820 ; 2.780.560 ; 21.974.650 ; 102.774.252 ; 73,5 ; 8.075 ;
VICENZA;Agugliaro; 1.404 ; 82.810 ; 35.800 ; 35.060 ; 59.520 ;;;; 48.860 ;; 167 ; 2.540 ; -   ; 57.000 ; 321.757 ; 79,2 ; 251 ;
;Albettone; 2.081 ; 133.920 ; 119.430 ; 67.000 ; 72.100 ; 1.940 ;; 1.000 ; 56.200 ; 14.630 ; 749 ; 620 ; 18.300 ; 248.040 ; 733.929 ; 61,9 ; 421 ;
;Alonte; 1.665 ; 97.840 ; 60.740 ; 49.740 ; 81.876 ;;; 5.371 ; 54.830 ; 36.920 ; 1.739 ; 49.540 ; 28.070 ; 84.810 ; 551.476 ; 76,4 ;;
;Altavilla Vicentina; 12.056 ; 1.358.890 ; 590.360 ; 380.740 ; 628.750 ; 15.355 ;; 74.581 ; 335.970 ; 329.090 ; 17.278 ; 378.310 ; 311.390 ; 689.050 ; 5.109.764 ; 79,9 ; 185 ;
;Altissimo; 2.214 ; 112.430 ;; 60.520 ; 67.980 ;;; 9.790 ; 47.520 ; 18.683 ; 2.141 ; 46.580 ; -   ; 135.800 ; 501.444 ; 65,8 ; 198 ;
;Arcugnano; 7.820 ; 565.820 ; 311.230 ; 310.270 ; 356.050 ; 1.200 ;; 56.335 ; 224.200 ; 233.245 ; 12.230 ; 197.790 ; 48.720 ; 424.910 ; 2.742.000 ; 78,9 ; 848 ;
;Arsiero; 3.192 ; 136.530 ; 47.002 ; 122.705 ; 115.692 ;; 572 ; 20.546 ; 62.800 ; 62.150 ; 4.932 ; 51.961 ; 13.130 ; 358.430 ; 996.450 ; 58,0 ; 876 ;
;Arzignano; 25.844 ; 2.139.770 ; 645.840 ; 900.120 ; 1.272.530 ;;; 146.068 ; 736.680 ; 485.237 ; 19.189 ; 309.150 ; 951.280 ; 2.218.500 ; 9.824.364 ; 70,1 ; 493 ;
;Asigliano Veneto; 848 ; 40.850 ; 25.070 ; 23.760 ; 30.130 ;;; 3.010 ; 23.240 ; 6.960 ; 285 ; 23.680 ; 3.300 ; 46.720 ; 227.005 ; 72,1 ; 164 ;
;Barbarano Vicentino; 4.594 ; 309.345 ; 179.760 ; 162.000 ; 202.370 ; 3.520 ;; 19.701 ; 109.540 ; 145.810 ; 6.568 ; 76.220 ; 28.880 ; 470.400 ; 1.714.114 ; 64,9 ; 295 ;
;Bolzano Vicentino; 6.542 ; 418.210 ; 232.020 ; 233.170 ; 351.760 ;;; 23.104 ; 174.500 ; 120.005 ; 11.344 ; 84.460 ; 49.220 ; 467.400 ; 2.165.193 ; 70,8 ; 602 ;
;Breganze; 8.677 ; 286.560 ; 277.760 ; 394.110 ; 505.000 ; 44.000 ; 22.140 ; 37.809 ; 230.340 ; 226.816 ; 11.702 ; 55.280 ; 151.690 ; 809.050 ; 3.052.257 ; 65,9 ; 1.658 ;
;Brendola; 6.666 ; 453.480 ; 172.959 ; 244.051 ; 281.739 ;;; 26.403 ; 196.348 ; 109.941 ; 4.540 ; 118.106 ; 267.750 ; 527.740 ; 2.403.057 ; 69,2 ; 262 ;
;Bressanvido; 3.167 ; 237.350 ; 126.930 ; 113.930 ; 158.640 ; 3.645 ;; 12.521 ; 65.220 ; 84.360 ; 1.990 ; 109.870 ; 30.440 ; 198.260 ; 1.143.156 ; 76,3 ; 168 ;
;Brogliano; 3.962 ; 205.650 ; 104.620 ; 163.730 ; 134.380 ;;; 22.015 ; 78.940 ; 74.768 ; 4.012 ; 73.480 ; 15.400 ; 273.280 ; 1.150.275 ; 70,8 ; 724 ;
;Caldogno; 11.327 ; 917.640 ; 606.400 ; 330.950 ; 512.460 ; 15.385 ;; 53.620 ; 244.060 ; 211.060 ; 13.653 ; 257.760 ; 112.050 ; 599.310 ; 3.874.348 ; 79,8 ; 604 ;
;Caltrano; 2.552 ; 84.940 ; 48.262 ; 92.624 ; 76.417 ;; 562 ; 13.891 ; 41.920 ; 49.435 ; 3.269 ; 35.323 ; 11.550 ; 242.170 ; 700.363 ; 59,2 ; 477 ;
;Calvene; 1.314 ; 40.780 ; 25.845 ; 51.163 ; 42.015 ;;; 6.903 ; 23.550 ; 34.741 ; 1.598 ; 22.096 ; -   ; 118.230 ; 366.921 ; 62,4 ; 330 ;
;Camisano Vicentino; 11.074 ; 1.080.220 ; 671.450 ; 394.020 ; 572.170 ; 45.135 ;; 39.158 ; 285.210 ; 200.120 ; 10.725 ; 198.360 ; 179.950 ; 799.120 ; 4.475.638 ; 77,1 ; 565 ;
;Campiglia dei Berici; 1.716 ; 55.260 ; 68.900 ; 49.020 ; 70.890 ;;; 12.581 ; 49.580 ; 46.822 ; 2.194 ; 16.380 ; 13.620 ; 115.520 ; 500.767 ; 69,2 ; 352 ;
;Carrè; 3.667 ; 159.960 ; 164.460 ; 114.280 ; 119.820 ;; 486 ; 18.790 ; 58.760 ; 83.722 ; 7.915 ; 46.380 ; 35.120 ; 414.280 ; 1.223.973 ; 59,8 ; 485 ;
;Castegnero; 2.939 ; 191.920 ; 118.020 ; 98.840 ; 125.140 ;;;; 75.920 ; 51.160 ; 645 ; 35.460 ; 23.000 ; 223.880 ; 943.985 ; 68,2 ; 307 ;
;Castelgomberto; 6.109 ; 306.900 ; 177.340 ; 204.200 ; 263.460 ;;; 34.364 ; 154.180 ; 151.750 ; 7.530 ; 144.000 ; 175.760 ; 439.510 ; 2.058.994 ; 70,0 ; 1.225 ;
;Chiampo; 13.034 ; 874.820 ; 215.160 ; 420.790 ; 537.880 ; 46.760 ;; 68.968 ; 326.840 ; 283.091 ; 12.968 ; 107.090 ; 188.280 ; 923.420 ; 4.006.067 ; 71,6 ; 394 ;
;Chiuppano; 2.598 ; 107.690 ; 86.721 ; 97.604 ; 91.382 ;; 187 ; 12.077 ; 51.300 ; 47.522 ; 3.043 ; 33.524 ; 43.240 ; 220.080 ; 794.370 ; 62,8 ; 372 ;
;Cogollo del Cengio; 3.254 ; 124.080 ; 105.998 ; 113.156 ; 128.723 ;; 721 ; 17.803 ; 56.050 ; 113.165 ; 4.151 ; 45.777 ; 4.530 ; 270.250 ; 984.404 ; 67,5 ; 592 ;
;Cornedo Vicentino; 12.080 ; 633.660 ; 334.280 ; 385.740 ; 422.520 ;;; 56.742 ; 292.260 ; 217.834 ; 14.013 ; 175.090 ; 347.400 ; 881.480 ; 3.761.019 ; 68,7 ; 1.812 ;
;Costabissara; 7.436 ; 608.800 ; 297.720 ; 230.420 ; 371.860 ; 6.113 ;; 32.007 ; 173.560 ; 211.149 ; 11.030 ; 89.860 ; 78.500 ; 493.400 ; 2.604.419 ; 73,8 ; 478 ;
;Creazzo; 11.332 ; 823.380 ; 643.820 ; 332.740 ; 500.320 ; 3.260 ;; 57.651 ; 270.850 ; 191.900 ; 13.312 ; 199.360 ; 248.170 ; 788.820 ; 4.073.583 ; 74,2 ; 941 ;
;Crespadoro; 1.330 ; 65.500 ;; 37.450 ; 48.210 ;;; 6.090 ; 29.680 ; 16.677 ; 938 ; 22.500 ; -   ; 189.100 ; 416.145 ; 50,1 ;;
;Dueville; 14.065 ; 1.036.220 ; 859.080 ; 456.790 ; 631.560 ; 20.040 ;; 68.993 ; 299.760 ; 400.670 ; 18.423 ; 341.150 ; 150.260 ; 1.313.630 ; 5.596.576 ; 72,2 ; 1.617 ;
;Fara Vicentino; 3.852 ; 193.660 ; 41.270 ; 168.190 ; 135.020 ;; 695 ; 16.340 ; 77.400 ; 44.810 ; 5.004 ; 35.960 ; -   ; 347.410 ; 1.065.759 ; 63,8 ; 798 ;
;Gambellara; 3.399 ; 206.900 ; 91.400 ; 110.140 ; 142.630 ;;; 16.099 ; 76.770 ; 77.450 ; 4.603 ; 80.120 ; 51.400 ; 300.590 ; 1.158.102 ; 67,4 ; 260 ;
;Gambugliano; 846 ; 56.448 ;; 23.426 ; 24.522 ;;; 3.652 ; 22.255 ;; 236 ; 3.563 ; -   ; 43.888 ; 177.990 ; 71,0 ;;
;Grancona; 1.862 ; 94.140 ; 18.592 ; 69.613 ; 82.158 ; 571 ;; 8.775 ; 56.173 ; 46.183 ; 3.618 ; 47.157 ; 7.230 ; 102.170 ; 536.380 ; 74,3 ;;
;Grisignano di Zocco; 4.278 ; 478.780 ; 226.250 ; 157.030 ; 201.900 ; 5.105 ;; 23.044 ; 98.380 ; 87.960 ; 8.293 ; 118.110 ; 46.120 ; 313.665 ; 1.764.637 ; 77,2 ; 89 ;
;Grumolo delle Abbadesse; 3.813 ; 364.200 ; 136.480 ; 127.490 ; 189.040 ; 3.465 ;; 15.910 ; 107.740 ; 75.940 ; 6.019 ; 104.580 ; 19.980 ; 264.000 ; 1.414.844 ; 76,6 ; 476 ;
;Isola Vicentina; 10.214 ; 723.092 ; 216.800 ; 316.074 ; 390.238 ; 5.575 ;; 38.696 ; 226.335 ; 194.139 ; 9.816 ; 87.152 ; 86.980 ; 1.139.512 ; 3.434.409 ; 61,9 ;;
;Laghi; 133 ;;; 8.170 ; 5.150 ;; 1 ; 847 ; 2.540 ; 1.351 ; 411 ; 2.486 ; -   ; 21.550 ; 42.506 ; 44,2 ; 249 ;
;Lastebasse; 208 ; 18.210 ; 649 ; 15.613 ; 10.780 ;; 35 ; 1.561 ; 4.120 ; 4.774 ; 479 ; 2.905 ; -   ; 33.288 ; 92.414 ; 61,0 ; 54 ;
;Longare; 5.682 ; 285.270 ; 292.430 ; 185.620 ; 217.900 ; 9.930 ;; 29.377 ; 142.870 ; 127.970 ; 9.273 ; 87.400 ; 50.760 ; 276.165 ; 1.714.965 ; 78,1 ; 964 ;
;Lonigo; 16.391 ; 1.366.180 ; 720.720 ; 507.730 ; 766.540 ; 34.380 ;; 61.952 ; 483.420 ; 324.685 ; 13.005 ; 484.900 ; 276.040 ; 1.179.380 ; 6.218.932 ; 74,1 ;;
;Lugo di Vicenza; 3.691 ; 162.780 ; 72.905 ; 122.577 ; 138.335 ;;; 18.647 ; 69.180 ; 112.889 ; 4.470 ; 59.164 ; -   ; 337.050 ; 1.097.997 ; 64,4 ; 897 ;
;Malo; 14.951 ; 850.370 ; 375.120 ; 485.360 ; 689.030 ;; 2.120 ; 60.097 ; 299.180 ; 334.778 ; 18.654 ; 181.730 ; 239.390 ; 1.311.560 ; 4.847.389 ; 63,9 ; 1.719 ;
;Marano Vicentino; 9.515 ; 628.310 ; 440.520 ; 304.680 ; 377.190 ; 12.700 ; 1.380 ; 36.892 ; 171.770 ; 237.811 ; 12.912 ; 147.660 ; 64.620 ; 491.810 ; 2.928.255 ; 76,4 ; 727 ;
;Monte di Malo; 2.885 ; 115.080 ; 12.610 ; 104.860 ; 90.400 ;; 646 ; 10.278 ; 44.580 ; 31.134 ; 4.167 ; 36.240 ; -   ; 355.000 ; 804.995 ; 51,8 ; 658 ;
;Montebello Vicentino; 6.571 ; 471.560 ; 232.320 ; 205.660 ; 305.430 ;;; 37.828 ; 171.660 ; 136.050 ; 6.397 ; 119.820 ; 147.360 ; 627.090 ; 2.461.175 ; 68,0 ; 74 ;
;Montecchio Maggiore; 23.651 ; 1.817.810 ; 852.321 ; 719.729 ; 1.022.481 ; 18.740 ;; 137.756 ; 628.452 ; 455.736 ; 27.184 ; 597.234 ; 852.600 ; 1.815.510 ; 8.945.553 ; 70,9 ; 626 ;
;Montecchio Precalcino; 5.019 ; 297.590 ; 221.440 ; 120.700 ; 188.160 ; 56.220 ; 6.860 ; 31.638 ; 73.360 ; 149.030 ; 9.635 ; 47.840 ; 63.260 ; 432.680 ; 1.698.413 ; 71,2 ; 197 ;
;Montegalda; 3.388 ; 248.240 ; 114.850 ; 126.190 ; 133.400 ; 6.255 ;; 16.326 ; 81.840 ; 73.030 ; 6.776 ; 98.040 ; 30.770 ; 213.520 ; 1.149.237 ; 75,9 ; 393 ;
;Montegaldella; 1.806 ; 139.770 ; 65.460 ; 57.940 ; 63.870 ; 5.760 ;; 9.444 ; 40.890 ; 13.100 ; 3.065 ; 60.910 ; -   ; 114.540 ; 574.749 ; 73,5 ; 156 ;
;Monteviale; 2.789 ; 145.500 ; 78.800 ; 105.940 ; 105.600 ;;; 13.376 ; 67.760 ; 42.818 ; 4.116 ; 60.360 ; 49.220 ; 164.390 ; 837.880 ; 72,5 ; 346 ;
;Monticello Conte Otto; 9.158 ; 764.920 ; 573.640 ; 279.950 ; 419.470 ; 9.550 ;; 43.817 ; 228.510 ; 201.760 ; 13.949 ; 175.290 ; 105.610 ; 456.750 ; 3.273.216 ; 81,6 ; 124 ;
;Montorso Vicentino; 3.153 ; 174.080 ; 94.740 ; 111.380 ; 132.060 ;;; 19.435 ; 88.600 ; 73.283 ; 4.786 ; 97.460 ; 59.360 ; 246.180 ; 1.101.364 ; 69,2 ; 308 ;
;Mossano; 1.788 ; 138.834 ; 56.830 ; 61.160 ; 63.060 ;;; 8.280 ; 36.890 ; 76.410 ; 3.931 ; 99.260 ; 10.760 ; 198.960 ; 754.375 ; 57,9 ; 120 ;
;Nanto; 3.085 ; 211.520 ; 140.240 ; 100.880 ; 128.380 ;;; 24.637 ; 74.000 ; 147.970 ; 9.156 ; 39.940 ; 12.040 ; 219.840 ; 1.108.603 ; 73,9 ; 293 ;
;Nogarole Vicentino; 1.172 ; 66.710 ; 5.500 ; 52.620 ; 37.840 ;;; 6.890 ; 27.820 ; 9.200 ; 943 ; 23.260 ; -   ; 68.910 ; 299.693 ; 70,8 ;;
;Noventa Vicentina; 8.947 ; 783.280 ; 1.068.450 ; 290.300 ; 527.340 ; 27.950 ;; 38.313 ; 341.224 ; 171.245 ; 7.528 ; 130.440 ; 128.440 ; 505.540 ; 4.020.050 ; 78,9 ; 305 ;
;Orgiano; 3.057 ; 170.630 ; 227.340 ; 119.240 ; 107.985 ; 10.480 ;; 10.253 ; 71.740 ; 58.877 ; 4.601 ; 91.260 ; 32.920 ; 212.380 ; 1.117.706 ; 68,3 ; 679 ;
;Pedemonte; 774 ; 25.660 ; 2.355 ; 29.641 ; 31.283 ;; 130 ; 5.654 ; 13.720 ; 17.295 ; 1.528 ; 10.528 ; -   ; 92.590 ; 230.384 ; 55,6 ; 226 ;
;Piovene Rocchette; 8.346 ; 446.770 ; 337.559 ; 309.136 ; 418.118 ;; 593 ; 38.453 ; 272.290 ; 155.528 ; 11.014 ; 107.316 ; 104.750 ; 675.020 ; 2.876.547 ; 68,0 ; 810 ;
;Pojana Maggiore; 4.336 ; 255.100 ; 302.070 ; 153.030 ; 209.010 ;;; 24.068 ; 153.710 ; 76.865 ; 6.698 ; 107.460 ; 29.180 ; 229.640 ; 1.546.831 ; 79,0 ; 594 ;
;Posina; 566 ; 20.590 ;; 29.430 ; 33.860 ;; 2 ; 3.904 ; 12.540 ; 6.328 ; 2.086 ; 11.461 ; -   ; 96.290 ; 216.491 ; 50,8 ; 353 ;
;Quinto Vicentino; 5.814 ; 427.700 ; 275.640 ; 167.450 ; 262.860 ; 5.305 ;; 21.071 ; 109.940 ; 121.120 ; 6.236 ; 154.440 ; 33.960 ; 408.820 ; 1.994.542 ; 74,3 ; 419 ;
;Recoaro Terme; 6.453 ; 296.200 ; 41.400 ; 292.600 ; 295.420 ;;; 44.446 ; 123.020 ; 174.856 ; 7.079 ; 151.290 ; 96.520 ; 503.810 ; 2.026.641 ; 68,2 ; 2.050 ;
;Salcedo; 1.028 ; 21.640 ; 4.420 ; 39.720 ; 31.220 ;; 3 ; 4.357 ; 17.160 ; 4.800 ; 1.128 ; 14.220 ; -   ; 86.830 ; 225.498 ; 55,8 ; 338 ;
;San Germano dei Berici; 1.178 ; 44.570 ; 12.018 ; 42.147 ; 46.897 ; 369 ;; 5.639 ; 37.387 ; 21.657 ; 2.954 ; 30.482 ; 9.060 ; 61.110 ; 314.290 ; 72,5 ;;
;San Pietro Mussolino; 1.625 ; 76.870 ;; 65.000 ; 56.260 ;;;; 35.020 ; 7.750 ; 808 ; 12.020 ; -   ; 94.100 ; 347.828 ; 68,7 ; 60 ;
;San Vito di Leguzzano; 3.608 ; 184.510 ; 118.620 ; 113.760 ; 166.540 ;; 1.229 ; 20.174 ; 65.550 ; 98.720 ; 6.959 ; 50.200 ; 60.250 ; 307.350 ; 1.193.862 ; 65,3 ; 494 ;
;Sandrigo; 8.453 ; 541.730 ; 411.930 ; 291.190 ; 386.120 ; 11.760 ;; 32.283 ; 218.350 ; 161.590 ; 9.421 ; 66.670 ; 170.650 ; 583.610 ; 2.885.304 ; 75,3 ; 1.009 ;
;Santorso; 5.859 ; 280.340 ; 139.400 ; 199.780 ; 298.260 ;;; 28.961 ; 121.340 ; 112.100 ; 9.013 ; 60.480 ; 41.080 ; 633.400 ; 1.924.154 ; 61,7 ; 1.052 ;
;Sarcedo; 5.271 ; 143.420 ; 198.900 ; 171.380 ; 212.480 ;; 1.542 ; 31.386 ; 96.790 ; 135.908 ; 9.477 ; 76.740 ; 21.360 ; 278.320 ; 1.377.703 ; 73,1 ; 1.376 ;
;Sarego; 6.796 ; 505.250 ; 194.880 ; 193.890 ; 273.460 ;;; 33.473 ; 222.190 ; 114.460 ; 8.297 ; 184.620 ; 100.960 ; 506.080 ; 2.337.560 ; 70,8 ; 326 ;
;Schio; 39.355 ; 2.543.110 ; 1.294.390 ; 1.543.590 ; 2.703.420 ; 11.500 ; 1.794 ; 155.896 ; 1.692.450 ; 978.136 ; 49.792 ; 496.560 ; 635.230 ; 4.084.860 ; 16.190.728 ; 66,2 ; 4.751 ;
;Sossano; 4.403 ; 156.840 ; 191.860 ; 127.200 ; 216.800 ; 4.085 ;; 15.050 ; 129.680 ; 69.010 ; 5.037 ; 34.020 ; 29.760 ; 315.840 ; 1.295.182 ; 68,3 ; 1.083 ;
;Sovizzo; 7.500 ; 472.940 ; 322.540 ; 239.190 ; 317.500 ;;; 35.875 ; 180.480 ; 109.860 ; 7.828 ; 112.940 ; 211.780 ; 535.180 ; 2.546.113 ; 71,8 ; 469 ;
;Thiene; 24.363 ; 1.819.440 ; 903.420 ; 871.040 ; 1.523.440 ; 17.080 ; 3.430 ; 99.002 ; 568.240 ; 441.010 ; 34.372 ; 256.340 ; 431.860 ; 2.576.960 ; 9.545.634 ; 65,6 ; 1.427 ;
;Tonezza del Cimone; 521 ; 42.050 ; 2.020 ; 49.940 ; 35.530 ;;; 6.503 ; 14.900 ; 4.885 ; 1.772 ; 21.800 ; 57.650 ; 203.960 ; 441.010 ; 36,6 ; 37 ;
;Torrebelvicino; 5.917 ; 284.380 ; 150.020 ; 191.090 ; 196.100 ;; 8 ; 23.754 ; 101.040 ; 104.990 ; 7.470 ; 62.900 ; 40.500 ; 480.660 ; 1.642.912 ; 64,5 ; 865 ;
;Torri di Quartesolo; 11.885 ; 1.124.020 ; 753.930 ; 410.910 ; 666.160 ; 27.890 ;; 70.474 ; 309.650 ; 288.291 ; 24.937 ; 198.200 ; 193.080 ; 1.457.840 ; 5.525.382 ; 69,8 ; 551 ;
;Trissino; 8.784 ; 621.920 ; 308.020 ; 297.540 ; 349.480 ;;; 52.432 ; 231.500 ; 162.370 ; 10.183 ; 116.500 ; 187.560 ; 810.770 ; 3.148.275 ; 68,2 ; 1.166 ;
;Valdagno; 26.234 ; 1.418.020 ; 898.200 ; 974.170 ; 1.366.230 ; 50.780 ;; 173.330 ; 527.110 ; 821.727 ; 49.422 ; 477.300 ; 377.100 ; 2.196.730 ; 9.330.119 ; 71,5 ; 4.824 ;
;Valdastico; 1.297 ; 54.940 ; 3.972 ; 37.726 ; 46.427 ;; 220 ; 9.532 ; 20.200 ; 29.134 ; 2.537 ; 17.733 ; -   ; 152.570 ; 374.991 ; 55,1 ; 325 ;
;Valli del Pasubio; 3.242 ; 81.070 ;; 121.160 ; 102.780 ;;; 11.894 ; 71.200 ; 19.115 ; 908 ; 12.700 ; -   ; 494.680 ; 915.507 ; 43,6 ; 755 ;
;Velo d'Astico; 2.403 ; 68.350 ; 35.258 ; 89.255 ; 77.248 ;; 429 ; 14.022 ; 92.320 ; 49.282 ; 2.732 ; 34.132 ; 31.350 ; 197.320 ; 691.698 ; 60,3 ; 722 ;
;Vicenza; 112.953 ; 9.960.800 ; 8.403.120 ; 4.345.600 ; 8.810.972 ; 168.145 ; 940 ; 468.129 ; 5.413.920 ; 3.679.782 ; 192.349 ; 2.848.140 ; 2.408.460 ; 19.347.020 ; 66.047.377 ; 62,7 ; 5.215 ;
;Villaga; 1.914 ; 114.460 ; 10.400 ; 69.170 ; 82.140 ;;; 4.990 ; 57.660 ; 36.420 ; 2.194 ; 32.640 ; 25.410 ; 124.420 ; 559.904 ; 70,9 ;;
;Villaverla; 6.127 ; 409.540 ; 259.430 ; 207.020 ; 285.160 ; 8.800 ; 1.912 ; 30.064 ; 142.990 ; 111.433 ; 11.680 ; 78.680 ; 64.500 ; 320.660 ; 1.931.869 ; 75,9 ; 592 ;
;Zanè; 6.653 ; 407.940 ; 385.600 ; 223.040 ; 293.800 ;; 777 ; 33.998 ; 124.880 ; 119.761 ; 10.672 ; 87.580 ; 137.880 ; 565.240 ; 2.391.168 ; 67,1 ; 459 ;
;Zermeghedo; 1.410 ; 92.080 ; 48.360 ; 66.500 ; 49.750 ;;; 7.420 ; 34.550 ; 26.150 ; 1.993 ; 39.960 ; 36.840 ; 108.860 ; 512.463 ; 70,7 ; 65 ;
;Zovencedo; 773 ; 47.130 ;; 34.320 ; 27.800 ;;; 2.587 ; 24.720 ; 19.420 ; 928 ; 20.540 ; 1.930 ; 57.360 ; 236.735 ; 69,4 ;;
;Zugliano; 6.835 ; 321.240 ; 245.330 ; 224.560 ; 258.660 ;; 500 ; 30.035 ; 133.540 ; 39.590 ; 7.581 ; 132.820 ; 39.400 ; 565.700 ; 1.998.956 ; 63,9 ; 1.126 ;
VICENZA Totale;; 684.539 ; 47.975.709 ; 29.985.716 ; 23.950.130 ; 35.660.438 ; 718.748 ; 49.914 ; 3.236.908 ; 20.064.164 ; 15.889.159 ; 934.385 ; 12.587.350 ; 11.441.920 ; 65.988.518 ; 268.483.059 ; 68,3 ; 61.747 ;
VERONA NORD;Affi; 2.336 ; 323.080 ; 170.610 ; 185.030 ; 136.040 ;;; 14.110 ; 97.250 ; 46.438 ; 8.063 ; 62.900 ; 70.090 ; 454.690 ; 1.568.301 ; 67,0 ;;
;Badia Calavena; 2.649 ; 193.840 ; 47.320 ; 104.840 ; 119.560 ;;; 15.038 ; 64.460 ; 78.060 ; 4.933 ; 45.380 ; -   ; 156.430 ; 829.861 ; 76,5 ; 50 ;
;Bardolino; 7.049 ; 1.257.930 ; 2.370.270 ; 1.013.290 ; 846.910 ;;; 59.723 ; 470.840 ; 342.359 ; 13.472 ; 156.080 ; 172.500 ; 3.405.530 ; 10.108.904 ; 63,4 ; 52 ;
;Bosco Chiesanuova; 3.597 ; 212.080 ; 58.620 ; 179.610 ; 166.990 ; 1.900 ;; 16.340 ; 108.060 ; 68.820 ; 740 ; 57.100 ; 43.740 ; 1.353.350 ; 2.267.350 ; 36,9 ; 196 ;
;Brentino Belluno; 1.395 ; 184.430 ; 21.730 ; 70.780 ; 113.260 ;;; 7.394 ; 61.190 ; 54.175 ; 2.268 ; 73.960 ; 17.630 ; 126.480 ; 733.297 ; 72,7 ;;
;Brenzone; 2.474 ; 391.080 ; 50.340 ; 212.240 ; 161.890 ;;; 10.690 ; 109.240 ; 30.206 ; 1.011 ; 44.720 ; 50.100 ; 510.950 ; 1.572.467 ; 62,5 ;;
;Bussolengo; 19.938 ; 1.970.430 ; 591.180 ; 830.420 ; 1.594.910 ; 17.090 ;; 89.572 ; 562.820 ; 490.194 ; 22.770 ; 178.100 ; 323.510 ; 2.127.350 ; 8.798.346 ; 71,3 ; 609 ;
;Buttapietra; 7.060 ; 537.340 ; 410.960 ; 217.860 ; 290.640 ;;; 29.962 ; 154.470 ; 160.840 ; 6.693 ; 152.460 ; 56.400 ; 476.000 ; 2.493.625 ; 75,0 ; 135 ;
;Caldiero; 7.791 ; 758.160 ; 581.160 ; 278.030 ; 386.900 ;;; 21.332 ; 175.790 ; 198.706 ; 4.277 ; 88.920 ; 46.420 ; 649.240 ; 3.188.935 ; 76,5 ; 85 ;
;Caprino Veronese; 8.371 ; 628.180 ; 307.490 ; 341.470 ; 430.930 ;;; 56.695 ; 227.880 ; 273.169 ; 19.938 ; 201.680 ; 134.850 ; 842.870 ; 3.465.152 ; 68,3 ; 658 ;
;Castel d'Azzano; 11.767 ; 963.800 ; 735.030 ; 389.720 ; 560.470 ;;; 54.998 ; 258.760 ; 253.814 ; 15.040 ; 100.280 ; 163.760 ; 998.900 ; 4.494.572 ; 74,0 ; 1 ;
;Castelnuovo del Garda; 13.214 ; 1.371.190 ; 1.217.870 ; 561.600 ; 736.250 ;;; 63.035 ; 367.310 ; 315.662 ; 21.208 ; 447.940 ; 199.730 ; 2.051.620 ; 7.353.415 ; 66,2 ;;
;Cavaion Veronese; 5.857 ; 580.840 ; 494.600 ; 257.330 ; 312.050 ; 2.000 ;; 29.529 ; 191.530 ; 241.295 ; 5.168 ; 258.380 ; 125.720 ; 354.330 ; 2.852.772 ; 78,7 ;;
;Cazzano di Tramigna; 1.533 ; 138.540 ; 20.400 ; 52.060 ; 64.920 ;;; 4.856 ; 53.830 ; 52.325 ; 1.523 ; 14.840 ; 6.460 ; 153.220 ; 562.974 ; 69,5 ;;
;Cerro Veronese; 2.474 ; 206.290 ; 153.740 ; 107.320 ; 117.600 ; 1.960 ;; 15.610 ; 40.040 ; 44.600 ; 284 ; 29.080 ; 51.360 ; 552.730 ; 1.320.614 ; 54,1 ;;
;Colognola ai Colli; 8.627 ; 839.840 ; 544.740 ; 321.620 ; 473.400 ; 18.980 ;; 37.207 ; 245.250 ; 280.502 ; 8.302 ; 134.900 ; 154.540 ; 578.300 ; 3.637.581 ; 78,9 ;;
;Costermano; 3.738 ; 425.770 ; 299.000 ; 247.760 ; 289.750 ;;; 18.980 ; 159.200 ; 127.146 ; 8.337 ; 60.780 ; 70.040 ; 574.860 ; 2.281.623 ; 70,9 ; 238 ;
;Dolcè; 2.618 ; 218.300 ; 86.680 ; 92.760 ; 115.640 ;;; 14.754 ; 73.950 ; 247.574 ; 3.531 ; 73.640 ; 44.940 ; 175.630 ; 1.147.399 ; 77,9 ; 87 ;
;Erbezzo; 750 ;;; -   ;;;;; -   ;;; 3.920 ; -   ; 349.550 ; 353.470 ; 0,3 ;;
;Ferrara di Monte Baldo; 216 ;;; 12.160 ;;;;; -   ;;; 3.720 ; -   ; 222.630 ; 238.510 ; 5,6 ;;
;Fumane; 4.118 ; 271.170 ; 224.460 ; 187.180 ; 198.250 ;;; 23.450 ; 124.210 ; 160.171 ; 10.252 ; 86.240 ; 49.280 ; 219.090 ; 1.553.753 ; 79,8 ; 830 ;
;Garda; 4.092 ; 835.250 ; 650.580 ; 483.970 ; 424.770 ;;; 18.242 ; 228.660 ; 159.815 ; 8.986 ; 76.760 ; 200.530 ; 1.105.640 ; 4.193.203 ; 69,7 ; 7 ;
;Grezzana; 10.788 ; 822.110 ; 588.050 ; 396.600 ; 516.630 ;;; 39.541 ; 317.190 ; 162.600 ; 6.080 ; 223.300 ; 154.990 ; 433.180 ; 3.660.271 ; 79,9 ; 156 ;
;Illasi; 5.332 ; 492.580 ; 300.580 ; 196.620 ; 284.750 ;;; 25.199 ; 131.630 ; 201.906 ; 6.685 ; 201.860 ; 43.920 ; 369.950 ; 2.255.680 ; 75,9 ; 47 ;
;Lavagno; 8.435 ; 686.700 ; 336.940 ; 319.710 ; 356.890 ;;; 26.851 ; 165.480 ; 203.176 ; 10.009 ; 122.220 ; 98.080 ; 510.440 ; 2.836.496 ; 76,8 ; 30 ;
;Lazise; 6.903 ; 1.239.560 ; 616.700 ; 960.050 ; 679.980 ; 3.350 ;; 52.162 ; 481.085 ; 243.755 ; 14.233 ; 146.440 ; 227.130 ; 3.119.910 ; 7.784.355 ; 56,7 ; 11 ;
;Malcesine; 3.755 ; 641.020 ; 972.620 ; 562.720 ; 476.700 ; 7.130 ;; 33.562 ; 197.840 ; 259.126 ; 7.091 ; 107.270 ; 85.550 ; 1.653.880 ; 5.004.509 ; 64,3 ; 643 ;
;Marano di Valpolicella; 3.175 ; 254.480 ; 98.900 ; 147.840 ; 178.740 ;;; 19.801 ; 100.610 ; 101.590 ; 5.461 ; 78.640 ; -   ; 436.320 ; 1.422.382 ; 64,7 ; 50 ;
;Mezzane di Sotto; 2.530 ; 202.740 ; 119.380 ; 92.840 ; 100.690 ;;; 5.572 ; 77.140 ; 6.880 ; 2.179 ; 24.180 ; -   ; 243.280 ; 874.881 ; 69,4 ;;
;Montecchia di Crosara; 4.370 ; 304.040 ; 61.080 ; 163.700 ; 190.810 ; 24.220 ;; 16.823 ; 60.140 ; 94.400 ; 6.851 ; 115.640 ; 7.060 ; 268.080 ; 1.312.844 ; 72,5 ; 123 ;
;Monteforte d'Alpone; 8.892 ; 750.850 ; 241.380 ; 296.310 ; 396.850 ;;; 35.092 ; 226.220 ; 186.236 ; 6.753 ; 313.360 ; 87.780 ; 540.900 ; 3.081.731 ; 73,3 ;;
;Mozzecane; 7.506 ; 654.460 ; 565.940 ; 222.160 ; 333.230 ;;; 20.095 ; 191.590 ; 113.510 ; 6.921 ; 66.260 ; 101.880 ; 685.660 ; 2.961.706 ; 73,1 ; 37 ;
;Negrar; 17.104 ; 1.147.370 ; 822.800 ; 662.120 ; 833.190 ; 3.000 ;; 63.903 ; 496.360 ; 300.030 ; 22.648 ; 304.750 ; 200.000 ; 842.080 ; 5.698.251 ; 79,1 ; 913 ;
;Pastrengo; 3.092 ; 186.630 ; 272.520 ; 93.120 ; 167.140 ;;; 17.281 ; 79.400 ; 108.066 ; 7.831 ; 77.100 ; 70.890 ; 279.480 ; 1.359.458 ; 72,6 ; 165 ;
;Pescantina; 17.128 ; 1.432.300 ; 850.520 ; 601.740 ; 830.240 ;;; 62.443 ; 471.620 ; 395.761 ; 23.316 ; 405.420 ; 145.010 ; 974.420 ; 6.192.790 ; 77,9 ; 19 ;
;Peschiera del Garda; 10.323 ; 1.630.140 ; 1.884.350 ; 924.630 ; 976.020 ;;; 68.685 ; 525.490 ; 275.310 ; 14.872 ; 339.840 ; 23.300 ; 3.053.940 ; 9.716.577 ; 65,5 ; 107 ;
;Povegliano Veronese; 7.113 ; 502.840 ; 342.730 ; 258.450 ; 369.950 ;;; 32.643 ; 189.920 ; 201.520 ; 11.348 ; 122.960 ; 138.100 ; 420.160 ; 2.590.621 ; 77,4 ; 612 ;
;Rivoli Veronese; 2.181 ; 171.270 ; 103.880 ; 90.860 ; 92.780 ;;; 9.449 ; 62.680 ; 61.568 ; 2.923 ; 37.940 ; 61.190 ; 99.290 ; 793.830 ; 80,0 ;;
;Roncà; 3.807 ; 257.640 ; 31.340 ; 162.030 ; 146.210 ; 34.670 ;; 18.659 ; 36.880 ; 142.912 ; 6.810 ; 151.740 ; 8.160 ; 255.960 ; 1.253.011 ; 70,4 ; 159 ;
;Roverè Veronese; 2.115 ; 114.345 ;; 79.293 ; 83.563 ;;; 7.677 ; 52.579 ; 14.568 ; 410 ; 26.195 ; -   ; 507.990 ; 886.620 ; 39,2 ; 148 ;
;San Bonifacio; 21.284 ; 2.076.760 ; 1.033.960 ; 884.420 ; 1.520.080 ; 82.380 ;; 104.480 ; 726.630 ; 726.545 ; 17.503 ; 319.460 ; 438.260 ; 1.790.530 ; 9.721.008 ; 73,0 ; 912 ;
;San Giovanni Ilarione; 5.113 ; 374.590 ; 64.340 ; 143.500 ; 211.870 ; 33.650 ;; 22.679 ; 124.040 ; 77.240 ; 6.338 ; 89.020 ; 13.280 ; 261.320 ; 1.421.867 ; 75,9 ; 28 ;
;San Martino Buon Albergo; 14.920 ; 1.607.840 ; 795.960 ; 525.030 ; 790.070 ;;; 61.893 ; 429.170 ; 501.743 ; 15.830 ; 290.820 ; 253.860 ; 1.264.300 ; 6.536.516 ; 75,1 ; 552 ;
;San Mauro di Saline; 582 ; 31.465 ;; 21.820 ; 22.995 ;;; 2.113 ; 14.469 ; 4.009 ; 113 ; 7.208 ; -   ; 139.787 ; 243.979 ; 39,2 ; 148 ;
;San Pietro in Cariano; 12.906 ; 1.407.950 ; 901.000 ; 525.480 ; 741.500 ; 12.720 ;; 51.266 ; 375.160 ; 353.535 ; 17.862 ; 209.600 ; 119.180 ; 727.530 ; 5.442.783 ; 82,3 ; 841 ;
;San Zeno di Montagna; 1.365 ; 257.960 ; 59.600 ; 161.090 ; 89.740 ;;; 16.887 ; 41.200 ; 61.160 ; 3.852 ; 36.030 ; 75.290 ; 189.560 ; 992.369 ; 74,7 ;;
;Sant'Ambrogio di Valpolicella; 11.737 ; 988.340 ; 884.910 ; 408.160 ; 521.160 ; 21.220 ;; 42.431 ; 276.520 ; 234.140 ; 16.648 ; 165.220 ; 201.310 ; 720.260 ; 4.480.319 ; 78,8 ; 292 ;
;Sant'Anna d'Alfaedo; 2.553 ;; 6.720 ; 94.280 ; 109.640 ;;; 9.030 ; 49.090 ; 30.170 ; 2.032 ; 20.440 ; -   ; 802.550 ; 1.123.952 ; 26,9 ;;
;Selva di Progno; 931 ; 63.600 ;; 68.960 ; 47.840 ;;; 1.605 ; 22.080 ; 22.800 ; 1.162 ; 13.180 ; -   ; 219.600 ; 460.827 ; 48,3 ;;
;Soave; 7.114 ; 720.960 ; 255.360 ; 303.860 ; 352.510 ;;; 25.387 ; 207.410 ; 130.838 ; 6.782 ; 206.820 ; 141.080 ; 502.890 ; 2.853.897 ; 74,4 ;;
;Sommacampagna; 14.821 ; 968.020 ; 1.535.810 ; 704.150 ; 889.700 ; 408.721 ;; 95.710 ; 361.350 ; 586.681 ; 21.507 ; 176.016 ; 222.380 ; 861.300 ; 6.831.345 ; 81,2 ; 501 ;
;Sona; 17.683 ; 1.163.640 ; 1.143.380 ; 591.470 ; 994.680 ; 19.450 ;; 80.803 ; 512.260 ; 406.774 ; 21.592 ; 139.460 ; 209.580 ; 1.251.420 ; 6.534.509 ; 77,2 ; 910 ;
;Torri del Benaco; 3.023 ; 413.530 ; 253.370 ; 321.530 ; 189.380 ;;; 13.073 ; 130.010 ; 6.964 ; 5.086 ; 55.300 ; 100.720 ; 666.020 ; 2.154.983 ; 64,7 ;;
;Tregnago; 4.938 ; 464.180 ; 152.840 ; 190.120 ; 274.980 ;;; 20.925 ; 126.170 ; 113.792 ; 4.511 ; 73.840 ; 20.900 ; 568.490 ; 2.010.748 ; 68,1 ;;
;Valeggio sul Mincio; 15.098 ; 1.207.030 ; 1.178.890 ; 653.440 ; 947.880 ;;; 65.377 ; 379.390 ; 372.098 ; 24.152 ; 197.200 ; 252.810 ; 2.143.590 ; 7.421.857 ; 67,3 ; 563 ;
;Velo Veronese; 770 ; 41.629 ;; 28.868 ; 30.422 ;;; 2.795 ; 19.142 ; 5.304 ; 149 ; 9.537 ; -   ; 184.942 ; 322.788 ; 39,2 ; 148 ;
;Vestenanova; 2.608 ; 152.360 ;; 99.880 ; 99.440 ;;; 12.455 ; 67.250 ; 40.966 ; 879 ; 81.810 ; -   ; 272.230 ; 827.270 ; 59,4 ; 51 ;
;Villafranca di Verona; 33.194 ; 3.341.240 ; 1.721.080 ; 1.260.640 ; 1.984.320 ; 26.730 ;; 129.974 ; 1.009.300 ; 751.165 ; 25.664 ; 747.480 ; 484.270 ; 2.665.740 ; 14.147.603 ; 75,0 ; 13 ;
VERONA NORD Totale;; 416.853 ; 39.079.709 ; 27.233.710 ; 19.364.541 ; 24.373.700 ; 719.171 ;; 1.915.838 ; 12.509.235 ; 11.124.709 ; 520.879 ; 8.055.336 ; 5.967.560 ; 47.366.369 ; 198.230.757 ; 70,9 ; 11.127 ;
VERONA CITTA';Verona; 260.200 ; 21.056.060 ; 2.472.700 ; 9.132.340 ; 16.932.740 ; 581.920 ; 22.310 ; 496.000 ; 7.249.380 ; 3.694.990 ; 139.765 ; 6.526.630 ; 4.734.750 ; 60.674.220 ; 133.713.805 ; 48,13 ; 790 ;
VERONA CITTA' Totale;; 260.200 ; 21.056.060 ; 2.472.700 ; 9.132.340 ; 16.932.740 ; 581.920 ; 22.310 ; 496.000 ; 7.249.380 ; 3.694.990 ; 139.765 ; 6.526.630 ; 4.734.750 ; 60.674.220 ; 133.713.805 ; 48,13 ; 790 ;
Totale complessivo;; 4.919.418 ; 400.881.292 ; 288.553.484 ; 127.027.531 ; 283.495.028 ; 17.119.172 ; 148.504 ; 22.319.102 ; 213.510.179 ; 97.266.971 ; 6.248.600 ; 73.851.204 ; 53.785.022 ; 606.868.782 ; 2.191.074.871 ; 66,5 ; 347.227 ;
